VC mem handle 5, phys 0xfe86f000, virt 0xb6f05000
CS 54004003 enable=1 done=1 pxldat=1 txw=1 txd=1 txe=1
-0.015
-0.020
-0.022
-0.015
-0.051
0.002
-0.022
-0.010
-0.015
-0.015
-0.020
-0.010
-0.015
-0.044
0.002
-0.005
-0.017
-0.017
-0.010
-0.012
-0.024
-0.024
-0.041
-0.032
0.002
-0.007
-0.017
-0.020
-0.015
-0.015
-0.015
-0.020
-0.054
0.010
-0.007
-0.020
-0.017
-0.012
-0.012
-0.015
-0.015
-0.046
-0.007
-0.012
-0.015
-0.020
-0.010
-0.012
-0.012
-0.007
-0.007
-0.020
-0.017
-0.012
-0.005
-0.007
-0.015
-0.007
-0.007
-0.024
-0.017
-0.007
-0.063
-0.007
-0.007
-0.010
-0.010
-0.024
-0.010
-0.002
-0.029
0.010
-0.007
-0.017
-0.015
-0.015
-0.002
-0.051
-0.002
-0.039
0.007
-0.005
-0.010
-0.010
-0.063
0.000
-0.044
0.000
-0.032
-0.041
0.005
0.007
-0.020
-0.066
0.012
-0.056
0.012
-0.002
-0.044
-0.032
0.007
0.005
-0.039
0.010
-0.032
-0.039
-0.002
0.007
-0.032
-0.024
0.000
-0.037
0.012
0.000
-0.034
-0.027
0.017
0.012
-0.059
0.007
-0.039
-0.046
0.015
0.015
-0.032
-0.020
0.012
-0.034
0.002
0.022
-0.039
-0.032
0.017
0.015
-0.034
0.010
-0.051
-0.022
0.002
0.015
-0.039
-0.037
0.005
-0.041
0.015
0.012
-0.054
-0.049
-0.012
0.000
-0.051
0.000
-0.044
-0.029
0.024
0.029
0.000
2.339
2.049
2.012
1.927
1.746
1.661
1.602
1.520
1.432
1.346
1.293
1.237
1.161
1.115
1.066
1.017
0.980
0.920
0.905
0.859
0.829
0.785
0.771
0.776
0.732
0.710
0.700
0.656
0.634
0.612
0.598
0.578
0.549
0.539
0.529
0.505
0.485
0.485
0.466
0.461
0.449
0.441
0.424
0.424
0.412
0.398
0.380
0.378
0.359
0.351
0.356
0.349
0.337
0.329
0.324
0.327
0.327
0.317
0.324
0.310
0.305
0.305
0.300
0.307
0.300
0.298
0.293
0.285
0.290
0.293
0.295
0.293
0.293
0.283
0.280
0.280
0.283
0.278
0.280
0.283
0.278
0.278
0.273
0.280
0.278
0.273
0.268
0.268
0.273
0.266
0.261
0.266
0.259
0.259
0.259
0.256
0.251
0.244
0.246
0.246
0.246
0.251
0.244
0.239
0.241
0.244
0.244
0.246
0.244
0.246
0.234
0.241
0.237
0.232
0.239
0.239
0.239
0.239
0.239
0.241
0.237
0.229
0.239
0.234
0.232
0.239
0.241
0.229
0.234
0.239
0.237
0.232
0.232
0.229
0.232
0.234
0.220
0.239
0.227
0.227
0.227
0.224
0.229
0.227
0.234
0.220
0.234
0.217
0.227
0.224
0.224
0.227
0.210
0.234
0.212
0.234
0.217
0.212
0.224
0.212
0.217
0.207
0.227
0.210
0.224
0.220
0.212
0.215
0.220
0.215
0.220
0.217
0.215
0.217
0.215
0.220
0.220
0.210
0.217
0.212
0.215
0.205
0.205
0.212
0.212
0.215
0.212
0.220
0.215
0.202
0.212
0.220
0.212
0.210
0.210
0.207
0.202
0.210
0.210
0.210
0.210
0.210
0.205
0.202
0.212
0.210
0.205
0.210
0.210
0.207
0.202
0.200
0.210
0.210
0.205
0.207
0.212
0.202
0.207
0.202
0.198
0.205
0.198
0.207
0.205
0.205
0.198
0.200
0.202
0.205
0.200
0.200
0.205
0.205
0.188
0.210
0.205
0.202
0.210
0.200
0.198
0.202
0.195
0.202
0.205
0.200
0.202
0.202
0.198
0.205
0.198
0.198
0.193
0.202
0.207
0.198
0.193
0.193
0.193
0.200
0.200
0.200
0.195
0.195
0.198
0.195
0.195
0.198
0.190
0.198
0.195
0.198
0.195
0.198
0.198
0.200
0.202
0.200
0.193
0.200
0.193
0.193
0.198
0.205
0.195
0.195
0.198
0.193
0.195
0.188
0.188
0.195
0.193
0.190
0.198
0.193
0.190
0.195
0.193
0.188
0.195
0.190
0.193
0.200
0.198
0.185
0.193
0.188
0.190
0.198
0.193
0.188
0.185
0.188
0.193
0.190
0.198
0.193
0.195
0.188
0.188
0.190
0.193
0.198
0.190
0.193
0.190
0.183
0.188
0.190
0.190
0.185
0.190
0.198
0.185
0.195
0.188
0.188
0.195
0.193
0.193
0.198
0.185
0.185
0.195
0.193
0.183
0.193
0.190
0.183
0.185
0.185
0.183
0.195
0.193
0.185
0.195
0.185
0.185
0.180
0.190
0.193
0.195
0.188
0.190
0.188
0.188
0.190
0.185
0.188
0.185
0.185
0.185
0.193
0.180
0.185
0.188
0.185
0.183
0.193
0.176
0.185
0.193
0.188
0.183
0.180
0.185
0.188
0.180
0.190
0.188
0.180
0.185
0.188
0.185
0.180
0.180
0.180
0.185
0.180
0.180
0.188
0.190
0.188
0.193
0.185
0.183
0.185
0.185
0.178
0.180
0.188
0.180
0.185
0.180
0.188
0.183
0.185
0.173
0.183
0.178
0.183
0.188
0.188
0.185
0.185
0.176
0.193
0.180
0.188
0.183
0.183
0.185
0.178
0.183
0.185
0.185
0.183
0.178
0.185
0.185
0.173
0.185
0.180
0.185
0.183
0.176
0.183
0.185
0.171
0.178
0.188
0.185
0.180
0.180
0.183
0.176
0.180
0.180
0.176
0.180
0.185
0.188
0.185
0.176
0.188
0.183
0.176
0.190
0.185
0.183
0.178
0.183
0.183
0.188
0.176
0.183
0.183
0.183
0.171
0.180
0.178
0.180
0.178
0.178
0.178
0.180
0.176
0.180
0.180
0.185
0.173
0.178
0.180
0.180
0.178
0.180
0.178
0.178
0.178
0.178
0.190
0.180
0.171
0.178
0.180
0.173
0.180
0.173
0.180
0.183
0.185
0.176
0.178
0.183
0.180
0.171
0.173
0.178
0.173
0.178
0.176
0.183
0.178
0.176
0.173
0.176
0.178
0.176
0.173
0.185
0.171
0.178
0.183
0.178
0.178
0.180
0.180
0.178
0.185
0.173
0.180
0.178
0.176
0.178
0.176
0.176
0.178
0.176
0.188
0.171
0.178
0.176
0.171
0.176
0.173
0.178
0.180
0.178
0.176
0.176
0.183
0.183
0.171
0.178
0.171
0.171
0.168
0.185
0.185
0.180
0.171
0.178
0.178
0.180
0.173
0.168
0.176
0.171
0.183
0.178
0.180
0.173
0.173
0.171
0.171
0.178
0.176
0.168
0.180
0.176
0.176
0.178
0.176
0.173
0.171
0.178
0.176
0.176
0.176
0.183
0.168
0.180
0.166
0.168
0.178
0.176
0.171
0.173
0.171
0.176
0.176
0.171
0.173
0.176
0.176
0.168
0.178
0.178
0.176
0.176
0.173
0.171
0.166
0.166
0.168
0.173
0.176
0.178
0.173
0.176
0.168
0.161
0.173
0.176
0.173
0.171
0.173
0.163
0.166
0.180
0.171
0.173
0.178
0.173
0.173
0.166
0.173
0.176
0.173
0.176
0.171
0.171
0.176
0.168
0.176
0.168
0.173
0.176
0.178
0.178
0.171
0.168
0.168
0.173
0.178
0.173
0.173
0.173
0.178
0.173
0.168
0.173
0.166
0.168
0.173
0.171
0.168
0.173
0.176
0.178
0.178
0.166
0.173
0.178
0.163
0.176
0.176
0.168
0.173
0.176
0.178
0.166
0.178
0.163
0.166
0.173
0.173
0.173
0.178
0.161
0.168
0.171
0.176
0.173
0.176
0.168
0.166
0.178
0.171
0.171
0.171
0.171
0.171
0.171
0.163
0.166
0.171
0.180
0.173
0.171
0.176
0.173
0.163
0.171
0.176
0.183
0.171
0.176
0.176
0.166
0.163
0.163
0.161
0.176
0.168
0.171
0.176
0.163
0.176
0.171
0.171
0.163
0.166
0.171
0.163
0.176
0.176
0.173
0.176
0.171
0.171
0.173
0.168
0.168
0.171
0.168
0.171
0.178
0.178
0.163
0.163
0.171
0.168
0.171
0.173
0.173
0.168
0.168
0.168
0.168
0.171
0.168
0.168
0.166
0.171
0.166
0.168
0.163
0.176
0.166
0.161
0.168
0.166
0.166
0.166
0.173
0.171
0.173
0.176
0.166
0.166
0.166
0.171
0.171
0.166
0.173
0.173
0.163
0.168
0.168
0.166
0.173
0.168
0.171
0.171
0.159
0.161
0.171
0.171
0.171
0.171
0.168
0.171
0.161
0.171
0.168
0.168
0.168
0.171
0.166
0.163
0.166
0.163
0.166
0.173
0.171
0.171
0.176
0.171
0.166
0.166
0.171
0.173
0.171
0.168
0.161
0.166
0.173
0.161
0.163
0.168
0.163
0.163
0.171
0.168
0.173
0.176
0.168
0.163
0.171
0.171
0.168
0.163
0.166
0.166
0.168
0.178
0.176
0.161
0.161
0.171
0.163
0.168
0.168
0.163
0.171
0.166
0.173
0.168
0.163
0.168
0.166
0.166
0.171
0.168
0.163
0.168
0.173
0.168
0.163
0.166
0.161
0.171
0.168
0.166
0.166
0.171
0.176
0.168
0.161
0.171
0.163
0.166
0.171
0.171
0.166
0.166
0.168
0.163
0.168
0.166
0.161
0.168
0.166
0.161
0.163
0.173
0.168
0.168
0.168
0.166
0.166
0.171
0.161
0.171
0.171
0.168
0.166
0.168
0.171
0.163
0.171
0.161
0.168
0.166
0.166
0.166
0.166
0.166
0.163
0.171
0.163
0.163
0.163
0.163
0.168
0.171
0.171
0.168
0.163
0.166
0.168
0.171
0.159
0.168
0.171
0.163
0.166
0.161
0.168
0.166
0.161
0.163
0.176
0.166
0.168
0.173
0.171
0.159
0.168
0.163
0.166
0.163
0.163
0.171
0.168
0.159
0.161
0.171
0.166
0.166
0.166
0.163
0.163
0.168
0.168
0.171
0.166
0.168
0.166
0.166
0.166
0.168
0.161
0.171
0.171
0.163
0.163
0.159
0.166
0.168
0.171
0.166
0.163
0.168
0.166
0.156
0.166
0.163
0.171
0.171
0.161
0.163
0.159
0.163
0.168
0.171
0.163
0.166
0.163
0.168
0.163
0.168
0.161
0.168
0.176
0.166
0.166
0.156
0.161
0.171
0.166
0.171
0.166
0.171
0.166
0.163
0.171
0.166
0.159
0.159
0.163
0.163
0.163
0.166
0.166
0.168
0.163
0.159
0.166
0.168
0.159
0.166
0.171
0.171
0.168
0.166
0.171
0.168
0.159
0.163
0.163
0.161
0.168
0.163
0.161
0.161
0.156
0.166
0.166
0.168
0.163
0.163
0.168
0.171
0.161
0.163
0.163
0.171
0.163
0.168
0.166
0.166
0.166
0.163
0.168
0.168
0.163
0.163
0.159
0.156
0.168
0.171
0.166
0.171
0.168
0.166
0.163
0.156
0.168
0.168
0.163
0.166
0.163
0.159
0.166
0.159
0.166
0.159
0.161
0.163
0.168
0.173
0.163
0.168
0.161
0.171
0.168
0.166
0.163
0.168
0.166
0.163
0.168
0.168
0.166
0.161
0.168
0.156
0.163
0.168
0.168
0.168
0.166
0.161
0.161
0.166
0.168
0.163
0.168
0.161
0.163
0.173
0.163
0.166
0.163
0.163
0.161
0.163
0.168
0.156
0.161
0.163
0.171
0.171
0.163
0.171
0.159
0.156
0.163
0.163
0.166
0.168
0.161
0.163
0.161
0.159
0.171
0.159
0.163
0.161
0.161
0.161
0.161
0.156
0.168
0.166
0.166
0.173
0.168
0.163
0.166
0.166
0.166
0.159
0.166
0.166
0.166
0.161
0.159
0.159
0.163
0.166
0.163
0.159
0.159
0.159
0.159
0.166
0.166
0.159
0.168
0.166
0.171
0.161
0.166
0.166
0.166
0.159
0.166
0.161
0.173
0.163
0.163
0.161
0.163
0.156
0.168
0.166
0.161
0.163
0.163
0.163
0.171
0.166
0.166
0.163
0.159
0.166
0.163
0.166
0.163
0.166
0.159
0.166
0.161
0.163
0.163
0.161
0.161
0.159
0.163
0.166
0.166
0.166
0.168
0.163
0.163
0.159
0.173
0.156
0.161
0.166
0.163
0.166
0.166
0.159
0.166
0.154
0.159
0.168
0.166
0.166
0.156
0.161
0.163
0.166
0.163
0.163
0.161
0.166
0.161
0.171
0.166
0.163
0.156
0.163
0.166
0.166
0.163
0.163
0.154
0.168
0.163
0.168
0.166
0.166
0.159
0.161
0.166
0.163
0.166
0.163
0.161
0.166
0.159
0.163
0.163
0.163
0.163
0.159
0.161
0.166
0.159
0.163
0.166
0.161
0.166
0.161
0.168
0.166
0.166
0.171
0.159
0.166
0.171
0.161
0.163
0.151
0.163
0.166
0.166
0.163
0.168
0.168
0.159
0.151
0.168
0.156
0.159
0.168
0.163
0.166
0.159
0.159
0.171
0.159
0.156
0.156
0.163
0.168
0.159
0.154
0.168
0.161
0.163
0.163
0.161
0.159
0.159
0.166
0.161
0.166
0.166
0.161
0.168
0.151
0.156
0.156
0.163
0.166
0.161
0.163
0.163
0.154
0.161
0.156
0.163
0.163
0.163
0.163
0.161
0.159
0.161
0.161
0.163
0.161
0.168
0.168
0.154
0.166
0.163
0.163
0.166
0.163
0.156
0.159
0.146
0.163
0.168
0.166
0.161
0.159
0.161
0.159
0.161
0.163
0.161
0.161
0.166
0.161
0.166
0.166
0.159
0.161
0.159
0.166
0.156
0.161
0.163
0.156
0.161
0.161
0.161
0.166
0.159
0.163
0.161
0.163
0.166
0.163
0.166
0.166
0.159
0.166
0.159
0.161
0.161
0.166
0.156
0.166
0.166
0.151
0.163
0.163
0.163
0.163
0.159
0.166
0.166
0.166
0.163
0.163
0.168
0.163
0.156
0.163
0.159
0.156
0.159
0.161
0.163
0.163
0.161
0.163
0.151
0.159
0.163
0.163
0.168
0.161
0.163
0.166
0.161
0.166
0.159
0.159
0.166
0.166
0.163
0.156
0.156
0.163
0.159
0.163
0.166
0.163
0.161
0.161
0.159
0.166
0.168
0.163
0.156
0.163
0.161
0.161
0.159
0.161
0.168
0.163
0.151
0.161
0.156
0.161
0.159
0.163
0.163
0.161
0.166
0.168
0.171
0.159
0.166
0.161
0.163
0.163
0.166
0.161
0.166
0.163
0.156
0.166
0.163
0.156
0.154
0.151
0.161
0.161
0.161
0.163
0.163
0.163
0.166
0.163
0.163
0.163
0.163
0.166
0.161
0.163
0.159
0.161
0.159
0.161
0.163
0.156
0.161
0.166
0.159
0.163
0.161
0.166
0.173
0.156
0.166
0.163
0.159
0.166
0.163
0.161
0.163
0.156
0.163
0.154
0.156
0.159
0.161
0.161
0.166
0.161
0.163
0.159
0.166
0.159
0.163
0.166
0.168
0.163
0.168
0.159
0.166
0.163
0.161
0.161
0.166
0.159
0.149
0.159
0.166
0.163
0.166
0.163
0.159
0.159
0.161
0.156
0.166
0.168
0.159
0.161
0.166
0.163
0.168
0.156
0.156
0.161
0.161
0.163
0.166
0.151
0.161
0.159
0.161
0.163
0.161
0.166
0.161
0.159
0.166
0.166
0.166
0.166
0.161
0.161
0.146
0.161
0.161
0.161
0.161
0.159
0.161
0.161
0.149
0.154
0.168
0.161
0.161
0.163
0.163
0.168
0.159
0.163
0.163
0.166
0.168
0.161
0.156
0.156
0.154
0.163
0.166
0.166
0.159
0.156
0.159
0.156
0.161
0.159
0.159
0.166
0.159
0.156
0.166
0.161
0.166
0.163
0.161
0.163
0.161
0.161
0.156
0.154
0.161
0.161
0.161
0.166
0.161
0.159
0.156
0.161
0.166
0.168
0.166
0.161
0.168
0.159
0.161
0.171
0.163
0.161
0.154
0.154
0.156
0.159
0.159
0.163
0.161
0.163
0.161
0.161
0.168
0.163
0.159
0.163
0.163
0.166
0.168
0.163
0.166
0.159
0.161
0.154
0.166
0.163
0.161
0.156
0.156
0.151
0.168
0.163
0.161
0.156
0.161
0.159
0.163
0.163
0.168
0.159
0.166
0.171
0.161
0.163
0.154
0.161
0.161
0.163
0.161
0.163
0.161
0.159
0.154
0.163
0.159
0.159
0.161
0.166
0.161
0.161
0.163
0.163
0.161
0.166
0.156
0.159
0.166
0.163
0.159
0.163
0.159
0.161
0.159
0.156
0.161
0.163
0.156
0.163
0.161
0.163
0.171
0.154
0.161
0.168
0.163
0.171
0.161
0.166
0.163
0.156
0.156
0.166
0.156
0.161
0.159
0.159
0.156
0.159
0.161
0.163
0.161
0.163
0.156
0.163
0.161
0.161
0.166
0.168
0.163
0.171
0.156
0.161
0.161
0.154
0.156
0.156
0.166
0.163
0.161
0.161
0.163
0.159
0.159
0.156
0.163
0.166
0.159
0.166
0.159
0.163
0.163
0.161
0.163
0.161
0.156
0.154
0.163
0.163
0.166
0.163
0.161
0.159
0.173
0.159
0.168
0.161
0.168
0.168
0.163
0.159
0.163
0.161
0.159
0.163
0.166
0.156
0.156
0.161
0.159
0.163
0.156
0.159
0.163
0.159
0.163
0.166
0.161
0.168
0.154
0.166
0.163
0.161
0.166
0.159
0.156
0.166
0.156
0.163
0.166
0.163
0.166
0.146
0.159
0.161
0.159
0.163
0.159
0.163
0.159
0.156
0.161
0.166
0.168
0.159
0.161
0.166
0.159
0.159
0.166
0.161
0.156
0.159
0.161
0.171
0.151
0.161
0.161
0.163
0.166
0.163
0.166
0.161
0.159
0.166
0.163
0.166
0.163
0.163
0.163
0.154
0.161
0.156
0.161
0.156
0.161
0.161
0.163
0.161
0.171
0.159
0.156
0.163
0.166
0.163
0.161
0.163
0.161
0.168
0.163
0.159
0.161
0.171
0.156
0.166
0.156
0.168
0.159
0.156
0.166
0.161
0.161
0.168
0.159
0.166
0.161
0.159
0.163
0.161
0.166
0.161
0.156
0.161
0.156
0.163
0.161
0.156
0.163
0.151
0.159
0.161
0.166
0.166
0.156
0.168
0.166
0.161
0.176
0.163
0.166
0.156
0.151
0.168
0.161
0.159
0.161
0.161
0.166
0.154
0.159
0.166
0.154
0.163
0.154
0.163
0.163
0.161
0.166
0.159
0.166
0.166
0.159
0.168
0.151
0.161
0.163
0.156
0.163
0.166
0.159
0.159
0.156
0.166
0.156
0.156
0.168
0.161
0.168
0.166
0.154
0.168
0.163
0.161
0.171
0.159
0.171
0.144
0.161
0.166
0.154
0.159
0.159
0.159
0.163
-1.910
-1.898
-1.812
-1.734
-1.578
-1.498
-1.439
-1.363
-1.266
-1.200
-1.137
-1.078
-1.010
-0.968
-0.927
-0.868
-0.827
-0.795
-0.761
-0.715
-0.690
-0.649
-0.634
-0.620
-0.595
-0.576
-0.556
-0.520
-0.500
-0.478
-0.459
-0.432
-0.424
-0.407
-0.390
-0.383
-0.351
-0.344
-0.339
-0.324
-0.317
-0.302
-0.302
-0.283
-0.268
-0.266
-0.246
-0.237
-0.234
-0.215
-0.217
-0.215
-0.205
-0.198
-0.198
-0.195
-0.190
-0.188
-0.183
-0.178
-0.171
-0.166
-0.166
-0.168
-0.163
-0.159
-0.156
-0.161
-0.149
-0.154
-0.151
-0.154
-0.149
-0.151
-0.156
-0.151
-0.146
-0.149
-0.144
-0.149
-0.141
-0.139
-0.141
-0.144
-0.137
-0.134
-0.134
-0.137
-0.132
-0.129
-0.124
-0.120
-0.124
-0.120
-0.120
-0.120
-0.115
-0.112
-0.110
-0.110
-0.112
-0.110
-0.110
-0.112
-0.112
-0.107
-0.098
-0.110
-0.110
-0.098
-0.105
-0.105
-0.102
-0.107
-0.102
-0.088
-0.102
-0.102
-0.098
-0.100
-0.100
-0.100
-0.098
-0.093
-0.105
-0.105
-0.105
-0.102
-0.095
-0.100
-0.098
-0.095
-0.090
-0.095
-0.088
-0.090
-0.098
-0.095
-0.088
-0.093
-0.088
-0.090
-0.090
-0.090
-0.090
-0.083
-0.093
-0.085
-0.088
-0.088
-0.088
-0.085
-0.093
-0.093
-0.076
-0.083
-0.080
-0.085
-0.080
-0.073
-0.073
-0.080
-0.080
-0.080
-0.080
-0.073
-0.088
-0.078
-0.076
-0.078
-0.076
-0.080
-0.078
-0.073
-0.078
-0.085
-0.078
-0.078
-0.071
-0.076
-0.076
-0.078
-0.076
-0.068
-0.083
-0.073
-0.078
-0.073
-0.073
-0.073
-0.066
-0.076
-0.080
-0.068
-0.068
-0.076
-0.071
-0.068
-0.063
-0.078
-0.068
-0.068
-0.071
-0.073
-0.068
-0.063
-0.063
-0.068
-0.068
-0.066
-0.071
-0.078
-0.071
-0.066
-0.066
-0.066
-0.066
-0.066
-0.063
-0.066
-0.063
-0.068
-0.063
-0.066
-0.071
-0.068
-0.063
-0.059
-0.066
-0.061
-0.061
-0.061
-0.066
-0.066
-0.066
-0.061
-0.068
-0.066
-0.061
-0.063
-0.059
-0.059
-0.068
-0.061
-0.061
-0.061
-0.063
-0.059
-0.059
-0.063
-0.061
-0.063
-0.059
-0.063
-0.061
-0.063
-0.061
-0.063
-0.059
-0.061
-0.059
-0.066
-0.056
-0.056
-0.056
-0.059
-0.063
-0.056
-0.056
-0.056
-0.061
-0.061
-0.056
-0.061
-0.061
-0.061
-0.054
-0.059
-0.061
-0.059
-0.056
-0.063
-0.059
-0.059
-0.054
-0.051
-0.051
-0.056
-0.049
-0.063
-0.054
-0.056
-0.059
-0.056
-0.054
-0.054
-0.054
-0.049
-0.059
-0.051
-0.054
-0.049
-0.059
-0.056
-0.059
-0.046
-0.056
-0.051
-0.051
-0.056
-0.054
-0.054
-0.049
-0.049
-0.054
-0.056
-0.049
-0.054
-0.054
-0.049
-0.049
-0.059
-0.054
-0.054
-0.051
-0.051
-0.051
-0.044
-0.054
-0.054
-0.044
-0.049
-0.049
-0.049
-0.051
-0.044
-0.051
-0.054
-0.049
-0.049
-0.051
-0.054
-0.056
-0.051
-0.046
-0.054
-0.049
-0.049
-0.044
-0.054
-0.039
-0.046
-0.046
-0.051
-0.046
-0.044
-0.049
-0.046
-0.046
-0.049
-0.054
-0.049
-0.049
-0.046
-0.044
-0.046
-0.049
-0.049
-0.049
-0.049
-0.049
-0.049
-0.046
-0.044
-0.044
-0.039
-0.046
-0.049
-0.049
-0.049
-0.039
-0.054
-0.054
-0.044
-0.044
-0.046
-0.046
-0.049
-0.049
-0.046
-0.049
-0.049
-0.041
-0.041
-0.044
-0.046
-0.049
-0.039
-0.041
-0.046
-0.044
-0.041
-0.051
-0.046
-0.046
-0.046
-0.041
-0.041
-0.046
-0.049
-0.046
-0.044
-0.044
-0.044
-0.046
-0.049
-0.044
-0.041
-0.041
-0.049
-0.039
-0.044
-0.039
-0.044
-0.044
-0.039
-0.041
-0.044
-0.046
-0.041
-0.039
-0.049
-0.044
-0.037
-0.046
-0.044
-0.041
-0.039
-0.039
-0.037
-0.046
-0.044
-0.039
-0.041
-0.044
-0.039
-0.044
-0.049
-0.039
-0.054
-0.041
-0.046
-0.049
-0.041
-0.039
-0.039
-0.044
-0.044
-0.037
-0.037
-0.041
-0.039
-0.037
-0.044
-0.039
-0.039
-0.041
-0.041
-0.046
-0.041
-0.039
-0.044
-0.049
-0.044
-0.044
-0.041
-0.041
-0.044
-0.039
-0.037
-0.034
-0.046
-0.039
-0.037
-0.039
-0.044
-0.039
-0.046
-0.039
-0.044
-0.039
-0.041
-0.037
-0.039
-0.049
-0.039
-0.034
-0.044
-0.037
-0.041
-0.044
-0.041
-0.037
-0.037
-0.034
-0.037
-0.041
-0.041
-0.039
-0.041
-0.049
-0.037
-0.041
-0.039
-0.044
-0.039
-0.034
-0.037
-0.037
-0.044
-0.039
-0.041
-0.039
-0.037
-0.034
-0.039
-0.039
-0.041
-0.037
-0.037
-0.039
-0.039
-0.037
-0.041
-0.039
-0.041
-0.041
-0.037
-0.044
-0.041
-0.029
-0.037
-0.041
-0.037
-0.041
-0.037
-0.032
-0.039
-0.044
-0.037
-0.039
-0.032
-0.032
-0.039
-0.037
-0.037
-0.039
-0.044
-0.039
-0.034
-0.039
-0.039
-0.037
-0.041
-0.032
-0.032
-0.039
-0.037
-0.039
-0.039
-0.037
-0.029
-0.037
-0.041
-0.039
-0.039
-0.039
-0.032
-0.041
-0.034
-0.041
-0.041
-0.034
-0.037
-0.041
-0.037
-0.029
-0.037
-0.034
-0.037
-0.029
-0.032
-0.037
-0.037
-0.037
-0.037
-0.037
-0.039
-0.039
-0.037
-0.037
-0.041
-0.039
-0.037
-0.037
-0.039
-0.041
-0.039
-0.032
-0.027
-0.039
-0.037
-0.039
-0.037
-0.037
-0.034
-0.037
-0.039
-0.037
-0.034
-0.034
-0.034
-0.039
-0.039
-0.029
-0.032
-0.037
-0.034
-0.041
-0.037
-0.032
-0.041
-0.039
-0.027
-0.034
-0.032
-0.032
-0.032
-0.037
-0.039
-0.037
-0.034
-0.041
-0.034
-0.032
-0.034
-0.037
-0.037
-0.037
-0.037
-0.027
-0.037
-0.029
-0.034
-0.034
-0.039
-0.029
-0.034
-0.029
-0.034
-0.041
-0.034
-0.027
-0.032
-0.034
-0.037
-0.034
-0.039
-0.032
-0.032
-0.037
-0.032
-0.029
-0.032
-0.037
-0.034
-0.034
-0.032
-0.032
-0.039
-0.032
-0.037
-0.032
-0.034
-0.034
-0.037
-0.027
-0.032
-0.027
-0.032
-0.032
-0.034
-0.032
-0.032
-0.032
-0.034
-0.037
-0.034
-0.027
-0.034
-0.029
-0.034
-0.041
-0.032
-0.032
-0.034
-0.029
-0.034
-0.029
-0.034
-0.039
-0.029
-0.032
-0.037
-0.032
-0.027
-0.022
-0.032
-0.027
-0.027
-0.029
-0.032
-0.029
-0.034
-0.034
-0.029
-0.032
-0.039
-0.029
-0.034
-0.029
-0.027
-0.032
-0.027
-0.034
-0.032
-0.029
-0.027
-0.032
-0.034
-0.029
-0.032
-0.029
-0.029
-0.027
-0.032
-0.037
-0.029
-0.024
-0.032
-0.029
-0.034
-0.034
-0.029
-0.032
-0.027
-0.029
-0.024
-0.032
-0.037
-0.037
-0.029
-0.029
-0.027
-0.037
-0.032
-0.027
-0.032
-0.032
-0.034
-0.029
-0.032
-0.034
-0.034
-0.027
-0.027
-0.032
-0.032
-0.029
-0.027
-0.027
-0.029
-0.027
-0.032
-0.029
-0.034
-0.029
-0.029
-0.037
-0.034
-0.027
-0.034
-0.037
-0.029
-0.029
-0.029
-0.032
-0.029
-0.029
-0.034
-0.034
-0.029
-0.032
-0.032
-0.027
-0.029
-0.027
-0.034
-0.032
-0.029
-0.029
-0.037
-0.027
-0.034
-0.032
-0.029
-0.022
-0.029
-0.032
-0.027
-0.027
-0.037
-0.029
-0.029
-0.029
-0.029
-0.029
-0.029
-0.029
-0.032
-0.041
-0.029
-0.034
-0.032
-0.029
-0.032
-0.032
-0.024
-0.032
-0.032
-0.027
-0.024
-0.032
-0.027
-0.027
-0.029
-0.024
-0.029
-0.024
-0.029
-0.027
-0.029
-0.034
-0.034
-0.027
-0.027
-0.032
-0.029
-0.034
-0.027
-0.029
-0.022
-0.027
-0.029
-0.029
-0.027
-0.029
-0.029
-0.037
-0.024
-0.032
-0.032
-0.027
-0.029
-0.029
-0.034
-0.027
-0.029
-0.027
-0.027
-0.029
-0.032
-0.024
-0.029
-0.027
-0.027
-0.032
-0.024
-0.027
-0.034
-0.029
-0.017
-0.032
-0.029
-0.029
-0.027
-0.027
-0.032
-0.022
-0.027
-0.032
-0.027
-0.027
-0.029
-0.024
-0.029
-0.024
-0.024
-0.022
-0.029
-0.024
-0.029
-0.029
-0.027
-0.029
-0.022
-0.027
-0.027
-0.032
-0.024
-0.029
-0.027
-0.027
-0.024
-0.024
-0.027
-0.027
-0.022
-0.022
-0.037
-0.027
-0.029
-0.022
-0.024
-0.029
-0.027
-0.029
-0.027
-0.029
-0.032
-0.027
-0.024
-0.032
-0.027
-0.027
-0.024
-0.027
-0.024
-0.024
-0.029
-0.024
-0.024
-0.020
-0.029
-0.027
-0.024
-0.029
-0.027
-0.027
-0.032
-0.024
-0.024
-0.032
-0.029
-0.024
-0.029
-0.024
-0.022
-0.029
-0.020
-0.024
-0.029
-0.022
-0.022
-0.027
-0.024
-0.024
-0.024
-0.032
-0.029
-0.029
-0.027
-0.022
-0.024
-0.029
-0.027
-0.024
-0.029
-0.027
-0.027
-0.022
-0.027
-0.027
-0.024
-0.022
-0.022
-0.029
-0.032
-0.029
-0.032
-0.029
-0.029
-0.027
-0.024
-0.024
-0.022
-0.022
-0.024
-0.024
-0.024
-0.027
-0.027
-0.024
-0.020
-0.020
-0.027
-0.022
-0.027
-0.027
-0.027
-0.027
-0.027
-0.024
-0.027
-0.029
-0.022
-0.022
-0.027
-0.020
-0.029
-0.024
-0.022
-0.027
-0.022
-0.027
-0.022
-0.022
-0.027
-0.027
-0.015
-0.024
-0.029
-0.027
-0.027
-0.024
-0.020
-0.032
-0.027
-0.027
-0.027
-0.024
-0.022
-0.022
-0.017
-0.029
-0.024
-0.024
-0.027
-0.027
-0.024
-0.032
-0.022
-0.022
-0.027
-0.024
-0.024
-0.024
-0.029
-0.029
-0.022
-0.027
-0.024
-0.027
-0.017
-0.022
-0.020
-0.027
-0.022
-0.022
-0.024
-0.017
-0.029
-0.029
-0.024
-0.024
-0.027
-0.027
-0.029
-0.022
-0.027
-0.027
-0.027
-0.024
-0.020
-0.022
-0.022
-0.029
-0.024
-0.017
-0.027
-0.027
-0.017
-0.024
-0.027
-0.024
-0.024
-0.022
-0.029
-0.029
-0.029
-0.029
-0.020
-0.027
-0.020
-0.022
-0.022
-0.029
-0.027
-0.027
-0.027
-0.024
-0.027
-0.022
-0.022
-0.024
-0.027
-0.024
-0.034
-0.027
-0.027
-0.022
-0.024
-0.024
-0.024
-0.022
-0.022
-0.027
-0.017
-0.022
-0.027
-0.024
-0.027
-0.020
-0.017
-0.024
-0.029
-0.027
-0.022
-0.022
-0.022
-0.029
-0.017
-0.032
-0.027
-0.024
-0.022
-0.027
-0.027
-0.020
-0.024
-0.022
-0.020
-0.022
-0.022
-0.024
-0.029
-0.024
-0.024
-0.024
-0.029
-0.024
-0.020
-0.024
-0.007
-0.024
-0.027
-0.024
-0.022
-0.032
-0.015
-0.020
-0.017
-0.027
-0.017
-0.020
-0.020
-0.022
-0.020
-0.022
-0.027
-0.024
-0.024
-0.024
-0.020
-0.027
-0.022
-0.020
-0.022
-0.027
-0.024
-0.024
-0.017
-0.020
-0.027
-0.017
-0.015
-0.020
-0.027
-0.024
-0.024
-0.024
-0.012
-0.022
-0.024
-0.027
-0.024
-0.024
-0.024
-0.022
-0.017
-0.027
-0.022
-0.017
-0.024
-0.027
-0.027
-0.017
-0.024
-0.024
-0.024
-0.020
-0.029
-0.024
-0.020
-0.024
-0.022
-0.027
-0.024
-0.024
-0.024
-0.027
-0.020
-0.027
-0.020
-0.020
-0.027
-0.020
-0.022
-0.022
-0.029
-0.020
-0.024
-0.022
-0.024
-0.022
-0.020
-0.027
-0.029
-0.020
-0.022
-0.020
-0.022
-0.020
-0.017
-0.022
-0.022
-0.022
-0.027
-0.020
-0.017
-0.022
-0.015
-0.024
-0.022
-0.022
-0.022
-0.027
-0.024
-0.020
-0.020
-0.020
-0.020
-0.027
-0.022
-0.022
-0.029
-0.022
-0.032
-0.017
-0.027
-0.017
-0.020
-0.022
-0.022
-0.024
-0.024
-0.022
-0.020
-0.024
-0.024
-0.024
-0.022
-0.024
-0.017
-0.024
-0.022
-0.027
-0.027
-0.017
-0.017
-0.027
-0.012
-0.020
-0.015
-0.022
-0.022
-0.024
-0.022
-0.015
-0.022
-0.024
-0.027
-0.022
-0.022
-0.024
-0.017
-0.020
-0.020
-0.017
-0.022
-0.022
-0.015
-0.022
-0.010
-0.020
-0.027
-0.024
-0.024
-0.022
-0.022
-0.020
-0.015
-0.027
-0.027
-0.027
-0.020
-0.020
-0.020
-0.010
-0.022
-0.012
-0.020
-0.027
-0.022
-0.024
-0.024
-0.020
-0.020
-0.020
-0.020
-0.027
-0.027
-0.020
-0.020
-0.027
-0.024
-0.022
-0.024
-0.022
-0.017
-0.017
-0.022
-0.015
-0.022
-0.022
-0.020
-0.020
-0.022
-0.022
-0.027
-0.027
-0.022
-0.024
-0.027
-0.022
-0.024
-0.020
-0.015
-0.024
-0.022
-0.017
-0.015
-0.024
-0.024
-0.020
-0.012
-0.022
-0.020
-0.017
-0.020
-0.020
-0.024
-0.024
-0.020
-0.022
-0.022
-0.022
-0.024
-0.020
-0.017
-0.020
-0.020
-0.020
-0.020
-0.024
-0.020
-0.020
-0.022
-0.027
-0.017
-0.015
-0.022
-0.024
-0.015
-0.022
-0.022
-0.020
-0.027
-0.022
-0.020
-0.022
-0.020
-0.022
-0.022
-0.017
-0.015
-0.022
-0.015
-0.020
-0.020
-0.020
-0.020
-0.020
-0.024
-0.020
-0.015
-0.022
-0.034
-0.020
-0.020
-0.022
-0.024
-0.022
-0.024
-0.024
-0.027
-0.020
-0.015
-0.017
-0.020
-0.017
-0.020
-0.015
-0.015
-0.024
-0.017
-0.017
-0.022
-0.017
-0.024
-0.027
-0.020
-0.024
-0.017
-0.020
-0.024
-0.017
-0.024
-0.012
-0.015
-0.022
-0.017
-0.017
-0.027
-0.015
-0.027
-0.017
-0.022
-0.017
-0.020
-0.027
-0.020
-0.022
-0.015
-0.015
-0.017
-0.020
-0.020
-0.012
-0.020
-0.020
-0.017
-0.020
-0.015
-0.020
-0.022
-0.020
-0.012
-0.017
-0.022
-0.022
-0.017
-0.020
-0.020
-0.024
-0.020
-0.010
-0.022
-0.020
-0.012
-0.020
-0.022
-0.027
-0.017
-0.012
-0.020
-0.017
-0.017
-0.020
-0.017
-0.015
-0.007
-0.017
-0.022
-0.022
-0.024
-0.022
-0.015
-0.022
-0.015
-0.024
-0.017
-0.020
-0.020
-0.015
-0.020
-0.015
-0.020
-0.022
-0.015
-0.020
-0.020
-0.020
-0.017
-0.020
-0.020
-0.020
-0.012
-0.012
-0.024
-0.022
-0.017
-0.022
-0.012
-0.020
-0.012
-0.015
-0.022
-0.015
-0.007
-0.020
-0.015
-0.020
-0.015
-0.020
-0.017
-0.022
-0.015
-0.020
-0.020
-0.015
-0.022
-0.020
-0.012
-0.024
-0.017
-0.012
-0.015
-0.020
-0.012
-0.010
-0.012
-0.024
-0.012
-0.022
-0.022
-0.022
-0.012
-0.012
-0.020
-0.027
-0.010
-0.015
-0.015
-0.015
-0.010
-0.015
-0.024
-0.010
-0.017
-0.020
-0.010
-0.022
-0.012
-0.022
-0.020
-0.010
-0.020
-0.024
-0.012
-0.017
-0.017
-0.022
-0.005
-0.012
-0.020
-0.024
-0.010
-0.010
-0.012
-0.015
-0.049
0.000
-0.007
-0.022
-0.010
-0.005
-0.017
-0.020
-0.010
-0.046
0.002
-0.015
-0.015
-0.049
0.005
-0.020
-0.012
-0.007
-0.041
0.005
-0.007
-0.017
-0.044
0.005
0.000
-0.015
-0.024
-0.037
0.002
-0.005
-0.027
-0.049
-0.022
0.017
-0.010
-0.020
-0.046
-0.039
0.005
0.002
-0.020
-0.041
0.010
-0.010
-0.015
-0.020
-0.034
-0.024
0.007
-0.017
-0.046
0.007
-0.015
-0.015
-0.022
-0.007
-0.039
-0.007
-0.002
-0.041
0.005
0.010
-0.022
-0.005
-0.020
0.005
-0.049
0.005
-0.039
-0.027
0.015
-0.032
0.005
-0.034
0.005
-0.041
0.000
0.005
-0.041
0.002
-0.034
0.005
-0.041
0.015
-0.046
-0.029
0.010
-0.039
0.010
-0.037
0.007
-0.037
0.017
-0.002
-0.049
0.000
-0.039
0.005
-0.027
0.002
-0.032
-0.039
0.012
-0.037
0.007
-0.032
0.005
-0.056
0.015
0.002
-0.039
0.000
-0.034
0.010
-0.044
0.007
-0.037
-0.032
0.007
-0.044
0.015
-0.037
0.005
-0.039
0.007
0.005
-0.044
0.000
-0.037
0.000
-0.037
-0.002
-0.041
-0.037
0.005
-0.049
0.010
-0.051
0.007
-0.044
0.007
0.002
-0.039
0.000
-0.046
0.012
-0.059
-0.010
-0.063
-0.049
0.000
-0.054
2.456
2.217
2.059
1.863
1.783
1.729
1.641
1.537
1.439
1.385
1.322
1.246
1.193
1.139
1.083
1.049
0.998
0.937
0.902
0.880
0.832
0.810
0.766
0.768
0.761
0.720
0.698
0.654
0.654
0.627
0.600
0.578
0.568
0.551
0.524
0.520
0.502
0.488
0.471
0.459
0.449
0.446
0.437
0.415
0.420
0.407
0.371
0.373
0.356
0.361
0.346
0.344
0.341
0.341
0.332
0.324
0.329
0.327
0.322
0.310
0.307
0.312
0.302
0.300
0.305
0.305
0.293
0.295
0.300
0.290
0.293
0.285
0.290
0.293
0.293
0.293
0.290
0.285
0.283
0.285
0.283
0.278
0.280
0.278
0.273
0.271
0.268
0.268
0.261
0.266
0.263
0.263
0.256
0.263
0.263
0.259
0.246
0.241
0.251
0.251
0.249
0.249
0.246
0.251
0.246
0.251
0.246
0.234
0.244
0.237
0.234
0.241
0.237
0.237
0.241
0.232
0.239
0.234
0.237
0.239
0.237
0.237
0.237
0.239
0.244
0.237
0.239
0.239
0.237
0.239
0.227
0.239
0.234
0.229
0.232
0.234
0.232
0.234
0.229
0.222
0.234
0.227
0.234
0.229
0.239
0.217
0.227
0.229
0.217
0.232
0.210
0.234
0.220
0.224
0.220
0.212
0.222
0.202
0.224
0.205
0.224
0.217
0.222
0.220
0.227
0.220
0.215
0.222
0.212
0.212
0.222
0.217
0.212
0.220
0.215
0.205
0.220
0.217
0.215
0.212
0.212
0.217
0.215
0.212
0.217
0.212
0.217
0.217
0.207
0.212
0.210
0.215
0.212
0.212
0.207
0.207
0.210
0.210
0.210
0.207
0.210
0.210
0.207
0.207
0.210
0.205
0.207
0.207
0.205
0.210
0.210
0.210
0.212
0.205
0.200
0.207
0.195
0.205
0.207
0.200
0.205
0.205
0.207
0.202
0.202
0.200
0.202
0.212
0.200
0.195
0.207
0.205
0.212
0.207
0.205
0.205
0.207
0.195
0.198
0.205
0.212
0.198
0.195
0.202
0.193
0.205
0.198
0.198
0.205
0.200
0.200
0.205
0.200
0.202
0.200
0.200
0.195
0.200
0.200
0.198
0.202
0.200
0.195
0.193
0.193
0.202
0.200
0.180
0.205
0.198
0.198
0.207
0.205
0.200
0.200
0.195
0.195
0.198
0.193
0.190
0.198
0.202
0.190
0.193
0.195
0.193
0.195
0.193
0.190
0.205
0.193
0.195
0.195
0.202
0.195
0.195
0.198
0.193
0.195
0.195
0.188
0.205
0.190
0.190
0.200
0.190
0.193
0.190
0.195
0.190
0.195
0.193
0.188
0.185
0.193
0.190
0.190
0.190
0.198
0.195
0.183
0.190
0.193
0.185
0.190
0.188
0.185
0.190
0.190
0.188
0.195
0.188
0.190
0.190
0.190
0.185
0.193
0.188
0.188
0.195
0.193
0.193
0.190
0.185
0.190
0.183
0.188
0.188
0.188
0.188
0.178
0.185
0.193
0.188
0.183
0.188
0.185
0.188
0.185
0.188
0.198
0.190
0.188
0.190
0.183
0.180
0.188
0.185
0.183
0.190
0.185
0.183
0.193
0.173
0.173
0.185
0.193
0.188
0.193
0.183
0.188
0.188
0.188
0.188
0.185
0.183
0.183
0.188
0.178
0.183
0.180
0.176
0.185
0.193
0.190
0.183
0.178
0.190
0.185
0.183
0.190
0.185
0.185
0.185
0.178
0.188
0.188
0.185
0.183
0.180
0.183
0.178
0.176
0.185
0.183
0.185
0.185
0.180
0.183
0.180
0.178
0.185
0.185
0.180
0.180
0.198
0.183
0.180
0.185
0.180
0.183
0.185
0.183
0.178
0.180
0.180
0.178
0.183
0.188
0.180
0.185
0.176
0.180
0.190
0.178
0.180
0.180
0.188
0.183
0.173
0.193
0.183
0.178
0.178
0.178
0.178
0.180
0.178
0.185
0.185
0.176
0.183
0.188
0.180
0.183
0.178
0.178
0.188
0.183
0.188
0.178
0.180
0.180
0.173
0.178
0.178
0.176
0.173
0.180
0.183
0.171
0.173
0.178
0.176
0.183
0.183
0.180
0.180
0.183
0.180
0.173
0.178
0.185
0.185
0.180
0.171
0.173
0.178
0.176
0.178
0.183
0.176
0.173
0.173
0.183
0.178
0.178
0.178
0.178
0.180
0.176
0.180
0.183
0.173
0.178
0.178
0.173
0.185
0.168
0.176
0.180
0.176
0.180
0.178
0.176
0.183
0.173
0.176
0.183
0.178
0.183
0.178
0.178
0.173
0.176
0.178
0.178
0.178
0.180
0.168
0.168
0.171
0.173
0.178
0.173
0.173
0.185
0.176
0.163
0.176
0.180
0.178
0.176
0.178
0.180
0.173
0.178
0.176
0.183
0.178
0.176
0.178
0.176
0.178
0.168
0.176
0.176
0.176
0.176
0.180
0.178
0.173
0.168
0.180
0.173
0.173
0.180
0.176
0.173
0.183
0.176
0.171
0.176
0.176
0.176
0.176
0.173
0.171
0.168
0.176
0.178
0.180
0.178
0.178
0.173
0.178
0.178
0.171
0.176
0.176
0.176
0.173
0.171
0.168
0.176
0.180
0.173
0.171
0.173
0.166
0.176
0.173
0.176
0.180
0.176
0.176
0.176
0.171
0.180
0.173
0.173
0.176
0.178
0.171
0.168
0.168
0.176
0.173
0.178
0.180
0.173
0.168
0.176
0.173
0.173
0.178
0.176
0.173
0.180
0.173
0.168
0.178
0.176
0.168
0.176
0.176
0.173
0.171
0.163
0.166
0.176
0.176
0.168
0.176
0.176
0.166
0.163
0.171
0.178
0.173
0.173
0.178
0.173
0.168
0.176
0.171
0.171
0.171
0.171
0.168
0.166
0.178
0.176
0.173
0.176
0.173
0.176
0.176
0.166
0.173
0.176
0.176
0.176
0.180
0.166
0.168
0.171
0.166
0.176
0.173
0.173
0.180
0.166
0.163
0.171
0.168
0.171
0.178
0.171
0.173
0.171
0.178
0.168
0.171
0.176
0.171
0.166
0.178
0.171
0.168
0.161
0.178
0.171
0.173
0.168
0.163
0.178
0.166
0.171
0.176
0.178
0.180
0.168
0.171
0.171
0.173
0.173
0.173
0.166
0.171
0.173
0.171
0.166
0.173
0.171
0.166
0.171
0.171
0.168
0.180
0.173
0.171
0.173
0.166
0.171
0.180
0.166
0.168
0.168
0.168
0.176
0.168
0.171
0.171
0.168
0.161
0.168
0.168
0.176
0.171
0.166
0.180
0.171
0.173
0.168
0.168
0.168
0.171
0.173
0.176
0.171
0.173
0.163
0.168
0.166
0.168
0.168
0.163
0.168
0.176
0.166
0.171
0.171
0.176
0.171
0.166
0.171
0.171
0.168
0.173
0.176
0.166
0.178
0.168
0.168
0.176
0.166
0.161
0.171
0.168
0.171
0.166
0.168
0.171
0.171
0.173
0.173
0.171
0.171
0.171
0.163
0.176
0.176
0.168
0.168
0.176
0.161
0.168
0.173
0.168
0.168
0.166
0.163
0.166
0.171
0.173
0.168
0.171
0.168
0.173
0.173
0.166
0.173
0.168
0.163
0.163
0.168
0.171
0.171
0.163
0.171
0.168
0.168
0.168
0.163
0.173
0.173
0.171
0.171
0.171
0.171
0.171
0.173
0.178
0.159
0.168
0.168
0.173
0.171
0.168
0.166
0.168
0.163
0.163
0.163
0.171
0.171
0.163
0.168
0.166
0.168
0.171
0.168
0.168
0.171
0.161
0.166
0.161
0.173
0.173
0.171
0.166
0.171
0.166
0.163
0.161
0.173
0.171
0.171
0.171
0.176
0.173
0.161
0.171
0.166
0.168
0.171
0.166
0.166
0.168
0.168
0.168
0.166
0.159
0.166
0.168
0.166
0.161
0.166
0.168
0.171
0.171
0.171
0.168
0.163
0.173
0.168
0.163
0.171
0.176
0.166
0.161
0.161
0.173
0.168
0.168
0.161
0.166
0.166
0.168
0.161
0.166
0.168
0.163
0.168
0.168
0.168
0.166
0.171
0.166
0.163
0.168
0.161
0.163
0.168
0.159
0.173
0.168
0.168
0.173
0.166
0.166
0.168
0.161
0.171
0.166
0.166
0.173
0.168
0.168
0.163
0.168
0.168
0.159
0.166
0.168
0.168
0.166
0.168
0.166
0.161
0.163
0.171
0.171
0.166
0.166
0.159
0.163
0.176
0.173
0.168
0.168
0.161
0.151
0.161
0.173
0.168
0.166
0.166
0.161
0.173
0.168
0.166
0.161
0.168
0.163
0.168
0.173
0.161
0.163
0.166
0.163
0.168
0.166
0.163
0.166
0.168
0.168
0.163
0.166
0.166
0.166
0.168
0.156
0.166
0.166
0.168
0.171
0.166
0.166
0.166
0.161
0.168
0.168
0.159
0.166
0.168
0.166
0.166
0.163
0.161
0.159
0.163
0.163
0.166
0.168
0.161
0.166
0.168
0.166
0.171
0.168
0.161
0.163
0.171
0.163
0.163
0.168
0.171
0.161
0.168
0.168
0.159
0.166
0.159
0.163
0.168
0.171
0.163
0.156
0.161
0.163
0.161
0.171
0.168
0.173
0.168
0.156
0.166
0.161
0.163
0.166
0.161
0.168
0.151
0.156
0.171
0.168
0.168
0.166
0.168
0.166
0.161
0.166
0.168
0.168
0.163
0.163
0.163
0.166
0.166
0.161
0.159
0.166
0.168
0.168
0.163
0.166
0.161
0.163
0.159
0.168
0.161
0.166
0.171
0.163
0.163
0.168
0.159
0.166
0.161
0.163
0.163
0.168
0.168
0.163
0.156
0.166
0.168
0.168
0.163
0.154
0.161
0.171
0.168
0.171
0.166
0.163
0.163
0.166
0.163
0.163
0.159
0.166
0.163
0.163
0.163
0.161
0.168
0.166
0.163
0.159
0.166
0.168
0.166
0.171
0.171
0.163
0.171
0.159
0.163
0.166
0.166
0.161
0.166
0.163
0.166
0.171
0.163
0.159
0.161
0.166
0.166
0.163
0.163
0.166
0.159
0.154
0.168
0.161
0.161
0.171
0.168
0.166
0.154
0.163
0.166
0.166
0.163
0.159
0.166
0.151
0.171
0.171
0.163
0.166
0.163
0.161
0.166
0.166
0.161
0.161
0.161
0.159
0.163
0.163
0.156
0.159
0.168
0.159
0.161
0.168
0.166
0.163
0.166
0.166
0.168
0.161
0.166
0.161
0.168
0.163
0.163
0.166
0.163
0.163
0.163
0.161
0.168
0.166
0.161
0.163
0.163
0.163
0.168
0.168
0.163
0.161
0.154
0.166
0.171
0.166
0.163
0.163
0.166
0.163
0.166
0.159
0.168
0.166
0.161
0.163
0.163
0.168
0.168
0.166
0.168
0.163
0.166
0.161
0.161
0.163
0.163
0.161
0.163
0.168
0.163
0.168
0.159
0.163
0.159
0.163
0.161
0.166
0.166
0.161
0.156
0.168
0.163
0.168
0.161
0.159
0.168
0.161
0.166
0.161
0.161
0.166
0.161
0.166
0.163
0.166
0.159
0.163
0.166
0.156
0.163
0.161
0.156
0.166
0.159
0.168
0.168
0.166
0.163
0.161
0.163
0.161
0.159
0.163
0.163
0.168
0.168
0.154
0.159
0.168
0.159
0.161
0.163
0.161
0.163
0.166
0.168
0.166
0.163
0.166
0.166
0.166
0.161
0.156
0.159
0.159
0.166
0.163
0.161
0.166
0.163
0.154
0.159
0.161
0.166
0.171
0.166
0.156
0.161
0.161
0.166
0.171
0.163
0.163
0.166
0.161
0.163
0.166
0.156
0.163
0.163
0.161
0.163
0.159
0.168
0.161
0.161
0.161
0.161
0.168
0.171
0.146
0.173
0.161
0.166
0.166
0.163
0.161
0.161
0.159
0.161
0.171
0.166
0.159
0.163
0.166
0.159
0.168
0.163
0.166
0.161
0.156
0.163
0.166
0.159
0.163
0.159
0.161
0.166
0.166
0.163
0.161
0.156
0.159
0.166
0.161
0.161
0.156
0.159
0.159
0.166
0.161
0.163
0.166
0.166
0.163
0.156
0.154
0.168
0.168
0.166
0.159
0.161
0.163
0.156
0.166
0.161
0.161
0.156
0.156
0.161
0.163
0.166
0.161
0.159
0.171
0.166
0.166
0.163
0.156
0.161
0.161
0.159
0.166
0.163
0.161
0.156
0.161
0.171
0.161
0.161
0.166
0.163
0.161
0.161
0.168
0.166
0.171
0.168
0.156
0.168
0.161
0.163
0.156
0.154
0.161
0.163
0.159
0.168
0.149
0.163
0.156
0.168
0.163
0.161
0.159
0.168
0.156
0.163
0.168
0.166
0.166
0.161
0.159
0.156
0.159
0.171
0.159
0.161
0.163
0.163
0.166
0.156
0.166
0.168
0.161
0.163
0.163
0.163
0.163
0.159
0.154
0.163
0.159
0.168
0.166
0.163
0.151
0.159
0.161
0.166
0.161
0.159
0.159
0.168
0.163
0.163
0.166
0.163
0.166
0.163
0.161
0.166
0.161
0.159
0.159
0.171
0.161
0.161
0.163
0.151
0.154
0.161
0.159
0.161
0.159
0.166
0.159
0.163
0.163
0.163
0.159
0.168
0.168
0.163
0.159
0.161
0.168
0.166
0.163
0.156
0.156
0.166
0.154
0.159
0.173
0.151
0.166
0.166
0.163
0.161
0.163
0.159
0.159
0.166
0.168
0.159
0.166
0.156
0.159
0.159
0.156
0.163
0.161
0.151
0.163
0.154
0.166
0.161
0.163
0.166
0.161
0.159
0.168
0.159
0.171
0.163
0.168
0.161
0.166
0.156
0.154
0.159
0.163
0.161
0.156
0.159
0.166
0.159
0.159
0.163
0.166
0.166
0.161
0.161
0.166
0.163
0.161
0.163
0.161
0.161
0.163
0.168
0.156
0.156
0.163
0.161
0.166
0.159
0.156
0.161
0.156
0.161
0.163
0.161
0.166
0.163
0.163
0.166
0.154
0.159
0.163
0.159
0.171
0.168
0.163
0.159
0.154
0.159
0.161
0.159
0.159
0.163
0.163
0.161
0.161
0.168
0.168
0.168
0.159
0.166
0.163
0.156
0.163
0.166
0.161
0.163
0.154
0.159
0.168
0.154
0.161
0.159
0.154
0.171
0.163
0.161
0.156
0.163
0.163
0.161
0.168
0.166
0.161
0.163
0.161
0.163
0.168
0.156
0.163
0.156
0.159
0.166
0.163
0.166
0.156
0.156
0.168
0.161
0.161
0.159
0.159
0.168
0.166
0.161
0.163
0.161
0.161
0.161
0.156
0.161
0.161
0.161
0.163
0.163
0.161
0.159
0.156
0.163
0.168
0.163
0.163
0.161
0.176
0.159
0.161
0.163
0.161
0.166
0.163
0.151
0.163
0.159
0.156
0.166
0.161
0.163
0.163
0.163
0.159
0.159
0.159
0.171
0.166
0.168
0.161
0.156
0.159
0.163
0.163
0.168
0.163
0.161
0.163
0.161
0.163
0.168
0.163
0.159
0.156
0.163
0.173
0.159
0.168
0.163
0.163
0.159
0.159
0.163
0.159
0.159
0.163
0.161
0.161
0.156
0.159
0.163
0.151
0.163
0.159
0.159
0.166
0.163
0.156
0.154
0.163
0.171
0.166
0.163
0.163
0.171
0.161
0.161
0.166
0.156
0.161
0.159
0.163
0.159
0.151
0.161
0.156
0.159
0.168
0.161
0.159
0.156
0.156
0.159
0.163
0.171
0.166
0.161
0.163
0.159
0.166
0.154
0.161
0.159
0.159
0.159
0.163
0.151
0.166
0.161
0.161
0.166
0.156
0.163
0.168
0.163
0.161
0.166
0.161
0.166
0.168
0.166
0.151
0.154
0.161
0.159
0.163
0.161
0.161
0.159
0.159
0.163
0.163
0.168
0.168
0.161
0.166
0.163
0.161
0.166
0.163
0.163
0.163
0.156
0.161
0.163
0.161
0.161
0.163
0.161
0.163
0.156
0.161
0.168
0.156
0.163
0.166
0.166
0.166
0.161
0.159
0.166
0.159
0.166
0.161
0.159
0.166
0.163
0.163
0.156
0.163
0.156
0.159
0.166
0.163
0.161
0.168
0.154
0.168
0.163
0.161
0.161
0.168
0.163
0.163
0.149
0.163
0.163
0.163
0.161
0.163
0.159
0.156
0.161
0.163
0.173
0.166
0.156
0.161
0.159
0.161
0.163
0.171
0.166
0.159
0.159
0.178
0.159
0.159
0.159
0.154
0.163
0.161
0.159
0.156
0.163
0.163
0.163
0.163
0.161
0.166
0.168
0.146
0.168
0.166
0.163
0.168
0.161
0.161
0.166
0.149
0.166
0.161
0.166
0.159
0.159
0.168
0.163
0.166
0.159
0.168
0.168
0.161
0.163
0.171
0.156
0.166
0.154
0.161
0.163
0.161
0.161
0.166
0.159
0.161
0.159
0.163
0.161
0.154
0.161
0.163
0.156
0.166
0.166
0.161
0.171
0.161
0.161
0.166
0.161
0.163
0.159
0.156
0.166
0.168
0.168
0.156
0.159
0.163
0.161
0.163
0.166
0.163
0.161
0.159
0.171
0.166
0.166
0.171
0.163
0.161
0.161
0.166
0.156
0.163
0.163
0.166
0.159
0.161
0.159
0.161
0.156
0.168
0.161
0.166
0.159
0.161
0.168
0.161
0.166
0.168
0.163
0.171
0.161
0.154
0.166
0.154
0.168
0.163
0.161
0.161
0.161
0.163
-2.063
-1.937
-1.910
-1.702
-1.600
-1.544
-1.468
-1.361
-1.278
-1.222
-1.156
-1.090
-1.032
-0.978
-0.944
-0.876
-0.841
-0.800
-0.761
-0.722
-0.690
-0.661
-0.624
-0.622
-0.615
-0.576
-0.551
-0.527
-0.502
-0.488
-0.468
-0.444
-0.427
-0.412
-0.405
-0.376
-0.363
-0.346
-0.341
-0.327
-0.317
-0.307
-0.295
-0.283
-0.268
-0.266
-0.246
-0.241
-0.234
-0.217
-0.217
-0.210
-0.217
-0.205
-0.188
-0.190
-0.202
-0.180
-0.183
-0.176
-0.178
-0.171
-0.166
-0.163
-0.166
-0.159
-0.149
-0.156
-0.159
-0.156
-0.151
-0.149
-0.154
-0.154
-0.151
-0.151
-0.151
-0.151
-0.151
-0.146
-0.141
-0.144
-0.141
-0.134
-0.141
-0.137
-0.129
-0.129
-0.134
-0.122
-0.132
-0.120
-0.127
-0.120
-0.122
-0.117
-0.112
-0.115
-0.117
-0.107
-0.110
-0.110
-0.112
-0.112
-0.105
-0.105
-0.110
-0.107
-0.107
-0.105
-0.102
-0.093
-0.093
-0.105
-0.105
-0.095
-0.095
-0.100
-0.102
-0.100
-0.105
-0.098
-0.105
-0.105
-0.102
-0.100
-0.105
-0.095
-0.098
-0.093
-0.093
-0.098
-0.098
-0.090
-0.095
-0.090
-0.100
-0.095
-0.093
-0.088
-0.088
-0.093
-0.095
-0.085
-0.090
-0.088
-0.090
-0.090
-0.085
-0.078
-0.085
-0.085
-0.085
-0.083
-0.080
-0.078
-0.085
-0.093
-0.066
-0.090
-0.085
-0.083
-0.080
-0.085
-0.071
-0.080
-0.083
-0.076
-0.083
-0.085
-0.076
-0.071
-0.083
-0.071
-0.071
-0.071
-0.078
-0.068
-0.078
-0.073
-0.078
-0.076
-0.073
-0.073
-0.073
-0.076
-0.078
-0.071
-0.068
-0.076
-0.076
-0.073
-0.071
-0.071
-0.076
-0.076
-0.076
-0.068
-0.068
-0.068
-0.071
-0.076
-0.076
-0.063
-0.073
-0.068
-0.068
-0.071
-0.066
-0.068
-0.073
-0.063
-0.063
-0.068
-0.068
-0.066
-0.066
-0.066
-0.068
-0.061
-0.061
-0.063
-0.066
-0.061
-0.061
-0.063
-0.066
-0.068
-0.063
-0.063
-0.066
-0.071
-0.061
-0.063
-0.051
-0.066
-0.066
-0.061
-0.061
-0.063
-0.056
-0.061
-0.056
-0.066
-0.061
-0.063
-0.059
-0.061
-0.063
-0.063
-0.061
-0.061
-0.061
-0.061
-0.063
-0.061
-0.056
-0.056
-0.063
-0.059
-0.059
-0.059
-0.056
-0.061
-0.059
-0.049
-0.061
-0.059
-0.059
-0.059
-0.059
-0.061
-0.049
-0.059
-0.059
-0.056
-0.056
-0.056
-0.054
-0.056
-0.054
-0.059
-0.051
-0.049
-0.051
-0.054
-0.059
-0.049
-0.061
-0.059
-0.051
-0.056
-0.056
-0.059
-0.051
-0.051
-0.059
-0.054
-0.051
-0.054
-0.054
-0.054
-0.051
-0.054
-0.049
-0.051
-0.051
-0.054
-0.054
-0.051
-0.041
-0.059
-0.051
-0.056
-0.049
-0.046
-0.051
-0.056
-0.049
-0.049
-0.054
-0.051
-0.051
-0.049
-0.051
-0.049
-0.049
-0.049
-0.051
-0.051
-0.051
-0.046
-0.046
-0.056
-0.054
-0.056
-0.054
-0.054
-0.044
-0.046
-0.051
-0.054
-0.051
-0.049
-0.044
-0.049
-0.049
-0.044
-0.051
-0.049
-0.046
-0.044
-0.049
-0.046
-0.051
-0.059
-0.051
-0.044
-0.051
-0.054
-0.046
-0.049
-0.049
-0.044
-0.049
-0.046
-0.044
-0.049
-0.039
-0.044
-0.049
-0.059
-0.037
-0.044
-0.049
-0.044
-0.049
-0.049
-0.044
-0.051
-0.044
-0.049
-0.041
-0.046
-0.044
-0.041
-0.044
-0.041
-0.049
-0.039
-0.041
-0.041
-0.051
-0.044
-0.049
-0.044
-0.049
-0.046
-0.046
-0.049
-0.039
-0.044
-0.046
-0.049
-0.039
-0.044
-0.041
-0.041
-0.044
-0.051
-0.037
-0.041
-0.044
-0.044
-0.046
-0.044
-0.044
-0.046
-0.039
-0.044
-0.051
-0.049
-0.037
-0.044
-0.046
-0.039
-0.041
-0.049
-0.044
-0.041
-0.039
-0.041
-0.041
-0.041
-0.044
-0.044
-0.039
-0.044
-0.041
-0.041
-0.044
-0.049
-0.049
-0.046
-0.041
-0.044
-0.049
-0.046
-0.037
-0.041
-0.041
-0.039
-0.041
-0.041
-0.037
-0.034
-0.049
-0.039
-0.041
-0.044
-0.044
-0.044
-0.046
-0.041
-0.039
-0.044
-0.041
-0.044
-0.041
-0.037
-0.032
-0.046
-0.037
-0.039
-0.041
-0.039
-0.041
-0.044
-0.041
-0.034
-0.041
-0.039
-0.044
-0.044
-0.039
-0.044
-0.037
-0.041
-0.046
-0.039
-0.041
-0.041
-0.037
-0.041
-0.037
-0.044
-0.039
-0.041
-0.037
-0.039
-0.039
-0.041
-0.039
-0.049
-0.039
-0.041
-0.041
-0.039
-0.046
-0.044
-0.041
-0.034
-0.039
-0.041
-0.037
-0.044
-0.039
-0.034
-0.037
-0.039
-0.039
-0.044
-0.039
-0.039
-0.041
-0.046
-0.037
-0.044
-0.039
-0.039
-0.037
-0.046
-0.037
-0.037
-0.039
-0.037
-0.039
-0.037
-0.034
-0.032
-0.041
-0.039
-0.039
-0.034
-0.037
-0.041
-0.044
-0.034
-0.039
-0.039
-0.044
-0.037
-0.037
-0.041
-0.032
-0.037
-0.041
-0.039
-0.044
-0.037
-0.034
-0.034
-0.029
-0.041
-0.037
-0.034
-0.041
-0.034
-0.044
-0.041
-0.034
-0.037
-0.037
-0.034
-0.037
-0.037
-0.034
-0.027
-0.039
-0.029
-0.034
-0.041
-0.032
-0.039
-0.037
-0.034
-0.037
-0.041
-0.039
-0.037
-0.034
-0.037
-0.034
-0.039
-0.037
-0.044
-0.037
-0.034
-0.032
-0.034
-0.034
-0.037
-0.032
-0.041
-0.034
-0.032
-0.034
-0.032
-0.037
-0.037
-0.039
-0.039
-0.044
-0.037
-0.034
-0.034
-0.037
-0.039
-0.037
-0.037
-0.039
-0.037
-0.032
-0.032
-0.034
-0.039
-0.041
-0.034
-0.037
-0.037
-0.020
-0.046
-0.039
-0.034
-0.039
-0.032
-0.032
-0.037
-0.029
-0.029
-0.029
-0.032
-0.037
-0.027
-0.037
-0.032
-0.032
-0.029
-0.039
-0.034
-0.034
-0.032
-0.034
-0.027
-0.041
-0.029
-0.037
-0.037
-0.032
-0.034
-0.037
-0.034
-0.039
-0.034
-0.032
-0.034
-0.037
-0.029
-0.020
-0.034
-0.037
-0.027
-0.029
-0.037
-0.037
-0.041
-0.037
-0.032
-0.037
-0.034
-0.032
-0.037
-0.034
-0.027
-0.029
-0.034
-0.034
-0.037
-0.032
-0.032
-0.032
-0.027
-0.032
-0.037
-0.032
-0.032
-0.034
-0.029
-0.032
-0.039
-0.029
-0.032
-0.032
-0.032
-0.029
-0.027
-0.027
-0.032
-0.027
-0.029
-0.032
-0.032
-0.037
-0.032
-0.034
-0.032
-0.037
-0.037
-0.034
-0.032
-0.037
-0.032
-0.037
-0.032
-0.034
-0.032
-0.032
-0.024
-0.029
-0.029
-0.029
-0.027
-0.032
-0.032
-0.034
-0.037
-0.029
-0.034
-0.032
-0.029
-0.027
-0.034
-0.032
-0.032
-0.032
-0.037
-0.029
-0.024
-0.032
-0.032
-0.027
-0.027
-0.029
-0.032
-0.029
-0.029
-0.029
-0.032
-0.029
-0.029
-0.039
-0.037
-0.029
-0.032
-0.034
-0.029
-0.029
-0.032
-0.027
-0.024
-0.032
-0.034
-0.027
-0.029
-0.032
-0.032
-0.024
-0.034
-0.029
-0.029
-0.027
-0.032
-0.034
-0.034
-0.027
-0.034
-0.034
-0.029
-0.027
-0.029
-0.032
-0.032
-0.029
-0.032
-0.032
-0.027
-0.027
-0.029
-0.034
-0.024
-0.032
-0.027
-0.037
-0.034
-0.029
-0.034
-0.029
-0.027
-0.032
-0.027
-0.037
-0.034
-0.024
-0.034
-0.027
-0.032
-0.032
-0.024
-0.029
-0.029
-0.032
-0.027
-0.029
-0.032
-0.029
-0.029
-0.024
-0.034
-0.037
-0.027
-0.032
-0.029
-0.027
-0.032
-0.027
-0.027
-0.032
-0.022
-0.027
-0.032
-0.029
-0.034
-0.034
-0.032
-0.027
-0.032
-0.024
-0.034
-0.032
-0.034
-0.032
-0.032
-0.029
-0.034
-0.024
-0.029
-0.024
-0.022
-0.022
-0.027
-0.032
-0.029
-0.027
-0.024
-0.032
-0.032
-0.027
-0.024
-0.027
-0.027
-0.029
-0.032
-0.027
-0.029
-0.020
-0.034
-0.020
-0.029
-0.032
-0.024
-0.024
-0.027
-0.024
-0.027
-0.027
-0.024
-0.032
-0.029
-0.029
-0.024
-0.034
-0.024
-0.029
-0.034
-0.027
-0.027
-0.024
-0.024
-0.027
-0.024
-0.024
-0.029
-0.024
-0.027
-0.027
-0.022
-0.024
-0.027
-0.029
-0.032
-0.029
-0.024
-0.020
-0.027
-0.027
-0.029
-0.024
-0.027
-0.027
-0.027
-0.029
-0.027
-0.029
-0.027
-0.029
-0.022
-0.027
-0.032
-0.029
-0.027
-0.027
-0.032
-0.029
-0.029
-0.027
-0.032
-0.022
-0.027
-0.027
-0.029
-0.032
-0.022
-0.022
-0.029
-0.027
-0.027
-0.029
-0.027
-0.029
-0.027
-0.029
-0.027
-0.032
-0.027
-0.027
-0.027
-0.032
-0.029
-0.032
-0.024
-0.032
-0.027
-0.024
-0.024
-0.022
-0.022
-0.027
-0.027
-0.027
-0.027
-0.029
-0.029
-0.027
-0.034
-0.024
-0.024
-0.029
-0.032
-0.027
-0.027
-0.027
-0.032
-0.022
-0.022
-0.024
-0.029
-0.022
-0.027
-0.029
-0.027
-0.032
-0.015
-0.027
-0.032
-0.029
-0.027
-0.037
-0.022
-0.029
-0.027
-0.024
-0.024
-0.022
-0.024
-0.027
-0.029
-0.027
-0.027
-0.027
-0.029
-0.027
-0.027
-0.020
-0.032
-0.022
-0.029
-0.029
-0.029
-0.029
-0.032
-0.024
-0.024
-0.022
-0.022
-0.027
-0.027
-0.027
-0.027
-0.027
-0.020
-0.027
-0.027
-0.022
-0.024
-0.032
-0.024
-0.022
-0.027
-0.027
-0.029
-0.029
-0.022
-0.024
-0.029
-0.027
-0.022
-0.027
-0.029
-0.024
-0.027
-0.022
-0.022
-0.024
-0.024
-0.022
-0.027
-0.027
-0.029
-0.020
-0.022
-0.029
-0.027
-0.027
-0.032
-0.027
-0.022
-0.027
-0.029
-0.022
-0.024
-0.017
-0.020
-0.024
-0.020
-0.022
-0.029
-0.024
-0.024
-0.027
-0.027
-0.024
-0.027
-0.024
-0.022
-0.027
-0.029
-0.022
-0.029
-0.029
-0.020
-0.020
-0.020
-0.022
-0.027
-0.027
-0.012
-0.024
-0.024
-0.024
-0.024
-0.027
-0.022
-0.027
-0.024
-0.022
-0.029
-0.027
-0.024
-0.020
-0.024
-0.022
-0.027
-0.020
-0.024
-0.022
-0.022
-0.027
-0.029
-0.024
-0.020
-0.024
-0.024
-0.027
-0.022
-0.024
-0.032
-0.029
-0.022
-0.022
-0.022
-0.022
-0.027
-0.024
-0.024
-0.022
-0.027
-0.020
-0.027
-0.027
-0.022
-0.024
-0.024
-0.024
-0.022
-0.029
-0.022
-0.022
-0.029
-0.024
-0.024
-0.027
-0.022
-0.022
-0.024
-0.027
-0.027
-0.029
-0.015
-0.020
-0.024
-0.027
-0.022
-0.020
-0.024
-0.032
-0.024
-0.024
-0.029
-0.022
-0.022
-0.024
-0.032
-0.022
-0.027
-0.020
-0.024
-0.022
-0.020
-0.024
-0.020
-0.022
-0.020
-0.032
-0.022
-0.024
-0.029
-0.024
-0.022
-0.024
-0.024
-0.017
-0.022
-0.027
-0.024
-0.029
-0.020
-0.022
-0.024
-0.017
-0.017
-0.020
-0.022
-0.015
-0.027
-0.024
-0.027
-0.024
-0.024
-0.024
-0.032
-0.022
-0.017
-0.029
-0.022
-0.027
-0.022
-0.022
-0.017
-0.020
-0.012
-0.022
-0.020
-0.022
-0.027
-0.022
-0.017
-0.029
-0.022
-0.024
-0.027
-0.024
-0.024
-0.024
-0.024
-0.024
-0.022
-0.022
-0.017
-0.027
-0.024
-0.020
-0.020
-0.027
-0.022
-0.022
-0.022
-0.022
-0.022
-0.022
-0.022
-0.024
-0.029
-0.024
-0.024
-0.029
-0.027
-0.017
-0.020
-0.017
-0.022
-0.027
-0.020
-0.020
-0.024
-0.024
-0.024
-0.020
-0.027
-0.020
-0.017
-0.022
-0.029
-0.027
-0.022
-0.022
-0.020
-0.024
-0.024
-0.024
-0.015
-0.022
-0.024
-0.022
-0.020
-0.022
-0.024
-0.024
-0.020
-0.022
-0.022
-0.020
-0.024
-0.027
-0.024
-0.017
-0.027
-0.020
-0.022
-0.020
-0.024
-0.022
-0.029
-0.020
-0.022
-0.024
-0.017
-0.015
-0.022
-0.017
-0.022
-0.022
-0.017
-0.020
-0.027
-0.027
-0.022
-0.020
-0.024
-0.024
-0.017
-0.027
-0.027
-0.024
-0.022
-0.022
-0.015
-0.022
-0.022
-0.015
-0.020
-0.024
-0.012
-0.020
-0.022
-0.022
-0.022
-0.020
-0.020
-0.027
-0.029
-0.020
-0.027
-0.022
-0.022
-0.020
-0.024
-0.022
-0.020
-0.017
-0.020
-0.020
-0.022
-0.022
-0.017
-0.015
-0.022
-0.017
-0.022
-0.027
-0.027
-0.024
-0.020
-0.017
-0.027
-0.020
-0.020
-0.015
-0.020
-0.022
-0.020
-0.020
-0.022
-0.022
-0.020
-0.022
-0.020
-0.024
-0.024
-0.022
-0.020
-0.024
-0.022
-0.024
-0.024
-0.024
-0.022
-0.015
-0.017
-0.022
-0.022
-0.015
-0.015
-0.020
-0.022
-0.020
-0.020
-0.020
-0.022
-0.022
-0.024
-0.022
-0.027
-0.022
-0.017
-0.022
-0.027
-0.024
-0.022
-0.027
-0.015
-0.022
-0.017
-0.024
-0.017
-0.020
-0.022
-0.015
-0.024
-0.022
-0.022
-0.024
-0.020
-0.022
-0.017
-0.024
-0.027
-0.020
-0.022
-0.020
-0.015
-0.027
-0.020
-0.020
-0.015
-0.020
-0.020
-0.020
-0.017
-0.027
-0.020
-0.022
-0.022
-0.022
-0.020
-0.024
-0.022
-0.024
-0.022
-0.022
-0.024
-0.024
-0.022
-0.022
-0.022
-0.017
-0.020
-0.022
-0.020
-0.020
-0.017
-0.017
-0.015
-0.022
-0.020
-0.022
-0.017
-0.022
-0.024
-0.024
-0.017
-0.022
-0.020
-0.022
-0.017
-0.024
-0.022
-0.010
-0.015
-0.022
-0.017
-0.024
-0.012
-0.015
-0.020
-0.020
-0.022
-0.020
-0.017
-0.022
-0.017
-0.020
-0.012
-0.022
-0.017
-0.015
-0.012
-0.020
-0.017
-0.020
-0.020
-0.022
-0.012
-0.017
-0.017
-0.020
-0.024
-0.022
-0.022
-0.017
-0.020
-0.020
-0.022
-0.027
-0.022
-0.015
-0.015
-0.015
-0.024
-0.020
-0.015
-0.015
-0.020
-0.022
-0.010
-0.017
-0.022
-0.017
-0.017
-0.022
-0.017
-0.020
-0.015
-0.015
-0.022
-0.020
-0.012
-0.022
-0.029
-0.017
-0.020
-0.017
-0.017
-0.015
-0.017
-0.017
-0.012
-0.020
-0.017
-0.020
-0.024
-0.022
-0.017
-0.024
-0.012
-0.022
-0.012
-0.024
-0.020
-0.012
-0.017
-0.020
-0.015
-0.020
-0.012
-0.017
-0.015
-0.015
-0.020
-0.015
-0.015
-0.017
-0.012
-0.020
-0.022
-0.024
-0.027
-0.015
-0.022
-0.012
-0.020
-0.017
-0.015
-0.020
-0.007
-0.024
-0.020
-0.010
-0.015
-0.012
-0.015
-0.022
-0.007
-0.027
-0.012
-0.012
-0.027
-0.024
-0.020
-0.015
-0.010
-0.022
-0.015
-0.012
-0.015
-0.020
-0.012
-0.015
-0.012
-0.015
-0.020
-0.015
-0.017
-0.020
-0.010
-0.017
-0.015
-0.017
-0.017
-0.017
-0.007
-0.020
-0.007
-0.017
-0.017
-0.015
-0.012
-0.012
-0.007
-0.017
-0.007
-0.015
-0.015
-0.022
-0.017
-0.022
-0.015
-0.012
-0.012
-0.027
-0.015
-0.017
-0.012
-0.022
-0.012
-0.017
-0.010
-0.015
-0.012
-0.010
-0.010
-0.027
-0.010
-0.010
-0.015
-0.022
-0.012
-0.012
-0.015
-0.020
-0.017
-0.015
-0.017
-0.015
-0.015
-0.007
-0.017
-0.017
-0.010
-0.015
-0.007
-0.015
-0.017
-0.007
-0.010
-0.024
-0.007
-0.020
-0.007
-0.020
-0.010
-0.007
-0.017
-0.032
-0.005
-0.012
-0.005
-0.015
-0.005
-0.012
-0.012
-0.015
-0.061
0.012
-0.039
0.012
-0.046
0.012
0.002
-0.007
-0.020
-0.044
-0.005
-0.034
0.002
-0.041
-0.024
0.017
0.000
-0.022
-0.054
0.005
-0.044
0.007
-0.007
-0.037
-0.032
0.020
0.000
-0.039
-0.002
-0.032
0.002
-0.005
-0.007
-0.051
-0.037
0.002
-0.039
0.010
-0.041
-0.039
0.002
0.005
-0.010
-0.049
0.007
-0.049
0.005
-0.010
-0.049
-0.039
0.005
0.002
-0.037
0.005
-0.041
0.000
0.007
-0.010
-0.051
-0.032
0.005
-0.032
0.005
-0.041
-0.022
0.010
0.010
-0.010
-0.046
0.007
-0.054
-0.002
0.005
-0.049
-0.032
0.015
0.010
-0.034
0.010
-0.049
-0.039
0.005
0.002
-0.046
-0.037
0.017
-0.046
0.012
0.005
-0.037
-0.044
0.010
-0.010
-0.049
-0.002
-0.066
-0.071
-0.027
-0.017
-0.066
0.007
0.005
-0.056
-0.010
0.000
0.012
0.010
0.002
-0.051
-0.059
-0.005
0.020
-0.071
-0.032
-0.046
-0.044
2.398
2.198
2.073
1.878
1.783
1.722
1.637
1.529
1.456
1.380
1.329
1.251
1.193
1.129
1.080
1.041
0.995
0.941
0.902
0.868
0.822
0.798
0.761
0.766
0.754
0.727
0.690
0.656
0.661
0.627
0.595
0.588
0.571
0.554
0.546
0.495
0.505
0.488
0.471
0.461
0.461
0.441
0.424
0.427
0.407
0.405
0.383
0.373
0.371
0.356
0.349
0.344
0.349
0.344
0.334
0.320
0.324
0.324
0.320
0.312
0.307
0.305
0.298
0.302
0.300
0.295
0.295
0.288
0.295
0.295
0.295
0.295
0.290
0.288
0.290
0.293
0.293
0.285
0.285
0.283
0.278
0.285
0.278
0.273
0.278
0.268
0.268
0.273
0.261
0.259
0.271
0.266
0.261
0.266
0.259
0.254
0.254
0.254
0.251
0.246
0.249
0.249
0.251
0.239
0.239
0.244
0.254
0.244
0.241
0.241
0.237
0.241
0.246
0.239
0.237
0.241
0.239
0.239
0.237
0.241
0.237
0.237
0.229
0.241
0.237
0.239
0.246
0.229
0.229
0.227
0.234
0.237
0.234
0.232
0.229
0.234
0.239
0.239
0.224
0.234
0.229
0.237
0.220
0.229
0.229
0.229
0.224
0.215
0.229
0.220
0.224
0.220
0.224
0.227
0.224
0.212
0.222
0.222
0.212
0.224
0.220
0.215
0.220
0.220
0.217
0.222
0.215
0.207
0.217
0.217
0.215
0.215
0.207
0.217
0.215
0.212
0.217
0.212
0.212
0.217
0.215
0.215
0.217
0.215
0.212
0.217
0.217
0.202
0.207
0.205
0.210
0.210
0.212
0.210
0.217
0.205
0.210
0.212
0.215
0.210
0.210
0.212
0.205
0.207
0.215
0.212
0.212
0.207
0.210
0.202
0.202
0.202
0.202
0.207
0.207
0.205
0.205
0.207
0.210
0.210
0.195
0.202
0.205
0.207
0.212
0.200
0.200
0.210
0.200
0.210
0.202
0.202
0.205
0.207
0.198
0.205
0.207
0.202
0.202
0.200
0.205
0.198
0.202
0.200
0.210
0.205
0.200
0.205
0.198
0.183
0.207
0.198
0.202
0.198
0.200
0.202
0.193
0.200
0.193
0.198
0.205
0.195
0.202
0.210
0.190
0.202
0.198
0.198
0.198
0.195
0.200
0.198
0.202
0.198
0.188
0.195
0.195
0.200
0.195
0.188
0.200
0.195
0.195
0.195
0.195
0.198
0.198
0.183
0.193
0.195
0.200
0.198
0.195
0.195
0.193
0.198
0.188
0.198
0.198
0.185
0.188
0.195
0.193
0.202
0.195
0.195
0.195
0.190
0.195
0.190
0.195
0.198
0.185
0.198
0.193
0.193
0.193
0.183
0.190
0.188
0.190
0.188
0.198
0.198
0.185
0.190
0.190
0.190
0.190
0.198
0.190
0.195
0.180
0.190
0.195
0.195
0.198
0.180
0.185
0.193
0.190
0.190
0.190
0.185
0.185
0.195
0.188
0.183
0.190
0.188
0.185
0.193
0.188
0.185
0.188
0.180
0.185
0.185
0.185
0.190
0.183
0.185
0.185
0.185
0.195
0.185
0.185
0.190
0.193
0.185
0.185
0.188
0.193
0.190
0.185
0.183
0.185
0.180
0.176
0.185
0.188
0.190
0.185
0.188
0.188
0.178
0.178
0.180
0.178
0.193
0.190
0.180
0.185
0.180
0.185
0.190
0.180
0.185
0.193
0.183
0.178
0.193
0.188
0.183
0.193
0.180
0.180
0.185
0.183
0.185
0.188
0.183
0.190
0.188
0.188
0.180
0.183
0.173
0.178
0.183
0.188
0.188
0.183
0.176
0.178
0.176
0.185
0.183
0.180
0.183
0.193
0.183
0.185
0.183
0.188
0.185
0.185
0.183
0.178
0.180
0.185
0.176
0.183
0.185
0.180
0.180
0.178
0.176
0.180
0.178
0.185
0.180
0.185
0.180
0.178
0.176
0.188
0.180
0.183
0.185
0.183
0.176
0.178
0.183
0.183
0.180
0.178
0.173
0.185
0.180
0.180
0.183
0.176
0.183
0.180
0.180
0.185
0.183
0.176
0.185
0.185
0.183
0.180
0.180
0.176
0.173
0.176
0.176
0.180
0.185
0.180
0.180
0.183
0.178
0.178
0.176
0.185
0.178
0.180
0.183
0.176
0.180
0.180
0.176
0.176
0.178
0.178
0.180
0.171
0.183
0.176
0.178
0.176
0.176
0.178
0.178
0.176
0.180
0.180
0.183
0.173
0.178
0.176
0.176
0.180
0.178
0.180
0.180
0.176
0.176
0.180
0.173
0.180
0.178
0.178
0.180
0.173
0.180
0.180
0.176
0.178
0.178
0.173
0.180
0.178
0.176
0.173
0.178
0.173
0.180
0.180
0.180
0.176
0.171
0.173
0.178
0.176
0.176
0.180
0.180
0.173
0.180
0.178
0.176
0.176
0.173
0.176
0.180
0.183
0.176
0.173
0.168
0.180
0.176
0.176
0.178
0.173
0.171
0.178
0.176
0.185
0.180
0.168
0.176
0.173
0.183
0.178
0.176
0.178
0.176
0.176
0.171
0.185
0.173
0.166
0.171
0.176
0.180
0.176
0.171
0.176
0.176
0.178
0.168
0.176
0.178
0.178
0.166
0.180
0.173
0.178
0.171
0.173
0.173
0.168
0.171
0.176
0.173
0.176
0.176
0.173
0.171
0.171
0.180
0.171
0.180
0.180
0.171
0.178
0.176
0.173
0.173
0.168
0.171
0.178
0.171
0.171
0.168
0.168
0.176
0.176
0.173
0.173
0.173
0.183
0.161
0.176
0.176
0.176
0.176
0.173
0.171
0.171
0.171
0.176
0.178
0.173
0.171
0.176
0.183
0.171
0.173
0.178
0.163
0.173
0.178
0.173
0.180
0.171
0.173
0.171
0.173
0.176
0.171
0.168
0.168
0.171
0.173
0.171
0.178
0.168
0.171
0.171
0.163
0.183
0.176
0.173
0.176
0.168
0.176
0.168
0.173
0.173
0.171
0.176
0.171
0.173
0.176
0.168
0.168
0.171
0.173
0.176
0.173
0.178
0.161
0.166
0.168
0.171
0.180
0.166
0.166
0.173
0.168
0.166
0.171
0.178
0.178
0.171
0.168
0.173
0.168
0.168
0.171
0.171
0.168
0.180
0.171
0.161
0.171
0.168
0.173
0.176
0.168
0.178
0.176
0.166
0.171
0.168
0.163
0.171
0.166
0.166
0.166
0.166
0.171
0.176
0.176
0.173
0.163
0.168
0.171
0.171
0.171
0.176
0.171
0.173
0.171
0.171
0.168
0.173
0.163
0.166
0.173
0.168
0.173
0.176
0.163
0.168
0.166
0.166
0.176
0.171
0.171
0.171
0.166
0.176
0.168
0.171
0.173
0.178
0.166
0.163
0.171
0.166
0.171
0.168
0.171
0.173
0.173
0.166
0.176
0.171
0.173
0.173
0.171
0.173
0.168
0.163
0.163
0.171
0.173
0.168
0.168
0.173
0.159
0.171
0.168
0.166
0.173
0.166
0.163
0.171
0.171
0.173
0.173
0.171
0.166
0.161
0.178
0.166
0.171
0.171
0.171
0.171
0.176
0.178
0.173
0.151
0.171
0.171
0.171
0.168
0.171
0.166
0.166
0.171
0.171
0.178
0.168
0.159
0.171
0.176
0.161
0.173
0.168
0.168
0.171
0.163
0.168
0.161
0.171
0.168
0.163
0.171
0.168
0.173
0.168
0.171
0.171
0.161
0.163
0.176
0.168
0.173
0.163
0.163
0.168
0.166
0.171
0.163
0.163
0.168
0.163
0.166
0.168
0.163
0.171
0.168
0.171
0.166
0.166
0.168
0.168
0.171
0.171
0.171
0.166
0.159
0.161
0.161
0.168
0.176
0.168
0.166
0.168
0.161
0.171
0.171
0.161
0.168
0.176
0.166
0.161
0.171
0.171
0.166
0.166
0.163
0.163
0.166
0.166
0.168
0.171
0.163
0.161
0.166
0.168
0.166
0.163
0.173
0.166
0.173
0.168
0.171
0.163
0.163
0.163
0.163
0.166
0.178
0.168
0.171
0.171
0.163
0.161
0.168
0.168
0.161
0.161
0.166
0.168
0.171
0.173
0.163
0.171
0.171
0.166
0.168
0.163
0.166
0.173
0.163
0.168
0.173
0.166
0.166
0.166
0.166
0.168
0.168
0.159
0.168
0.168
0.161
0.163
0.166
0.168
0.163
0.166
0.171
0.163
0.161
0.168
0.166
0.168
0.168
0.166
0.168
0.168
0.168
0.163
0.159
0.171
0.163
0.166
0.168
0.161
0.168
0.168
0.168
0.171
0.173
0.166
0.154
0.166
0.163
0.159
0.166
0.168
0.166
0.163
0.166
0.161
0.173
0.166
0.161
0.166
0.168
0.171
0.163
0.171
0.171
0.161
0.166
0.163
0.166
0.173
0.171
0.163
0.161
0.166
0.166
0.163
0.168
0.159
0.166
0.163
0.166
0.168
0.166
0.166
0.163
0.163
0.161
0.166
0.166
0.171
0.163
0.156
0.168
0.171
0.166
0.166
0.161
0.161
0.166
0.159
0.163
0.168
0.166
0.163
0.176
0.166
0.168
0.166
0.163
0.163
0.163
0.168
0.163
0.166
0.166
0.163
0.161
0.163
0.166
0.163
0.159
0.166
0.166
0.173
0.159
0.163
0.163
0.173
0.166
0.166
0.166
0.166
0.166
0.166
0.166
0.171
0.163
0.161
0.161
0.163
0.161
0.163
0.166
0.176
0.161
0.163
0.171
0.159
0.173
0.166
0.168
0.163
0.163
0.163
0.166
0.163
0.163
0.161
0.161
0.166
0.173
0.168
0.161
0.171
0.166
0.166
0.163
0.166
0.171
0.168
0.163
0.173
0.168
0.166
0.166
0.163
0.168
0.163
0.161
0.163
0.166
0.166
0.166
0.161
0.159
0.166
0.168
0.163
0.166
0.161
0.161
0.166
0.159
0.168
0.166
0.168
0.166
0.166
0.171
0.166
0.151
0.163
0.161
0.163
0.166
0.173
0.163
0.163
0.166
0.168
0.168
0.168
0.159
0.171
0.166
0.159
0.161
0.166
0.166
0.161
0.156
0.176
0.166
0.154
0.166
0.159
0.161
0.168
0.161
0.163
0.159
0.161
0.168
0.166
0.173
0.166
0.166
0.163
0.154
0.171
0.166
0.163
0.168
0.161
0.163
0.156
0.156
0.168
0.163
0.168
0.163
0.161
0.163
0.156
0.168
0.171
0.161
0.163
0.161
0.168
0.166
0.163
0.161
0.161
0.166
0.161
0.163
0.168
0.154
0.168
0.163
0.163
0.168
0.166
0.161
0.161
0.161
0.163
0.161
0.163
0.163
0.166
0.166
0.161
0.166
0.163
0.163
0.161
0.159
0.161
0.156
0.161
0.163
0.171
0.163
0.166
0.166
0.168
0.163
0.163
0.166
0.159
0.168
0.161
0.168
0.163
0.168
0.161
0.163
0.163
0.159
0.166
0.161
0.163
0.168
0.161
0.166
0.168
0.163
0.163
0.168
0.171
0.159
0.163
0.156
0.166
0.168
0.166
0.168
0.161
0.163
0.166
0.163
0.161
0.168
0.161
0.161
0.156
0.168
0.163
0.171
0.163
0.166
0.163
0.161
0.154
0.168
0.161
0.163
0.161
0.161
0.163
0.161
0.159
0.163
0.161
0.166
0.159
0.163
0.159
0.161
0.166
0.166
0.166
0.166
0.163
0.161
0.161
0.163
0.156
0.163
0.166
0.166
0.166
0.161
0.161
0.163
0.151
0.168
0.166
0.159
0.161
0.161
0.163
0.168
0.159
0.161
0.156
0.166
0.166
0.171
0.159
0.161
0.163
0.166
0.161
0.166
0.156
0.156
0.163
0.161
0.171
0.159
0.168
0.163
0.163
0.159
0.161
0.163
0.168
0.163
0.159
0.161
0.166
0.166
0.163
0.161
0.161
0.161
0.159
0.173
0.161
0.154
0.159
0.166
0.168
0.166
0.161
0.163
0.161
0.166
0.159
0.166
0.166
0.161
0.163
0.151
0.163
0.168
0.159
0.161
0.159
0.161
0.163
0.154
0.161
0.163
0.156
0.163
0.166
0.171
0.159
0.166
0.166
0.159
0.154
0.161
0.161
0.161
0.163
0.163
0.166
0.163
0.168
0.166
0.161
0.159
0.159
0.166
0.166
0.161
0.168
0.161
0.163
0.161
0.161
0.161
0.161
0.163
0.166
0.159
0.168
0.161
0.163
0.159
0.163
0.159
0.163
0.166
0.154
0.159
0.166
0.161
0.168
0.159
0.166
0.171
0.161
0.161
0.163
0.168
0.163
0.159
0.159
0.151
0.163
0.163
0.159
0.161
0.163
0.161
0.166
0.163
0.166
0.161
0.154
0.166
0.168
0.166
0.163
0.156
0.166
0.163
0.159
0.163
0.163
0.156
0.156
0.163
0.161
0.166
0.168
0.171
0.163
0.156
0.161
0.163
0.168
0.173
0.161
0.161
0.168
0.151
0.161
0.166
0.159
0.159
0.161
0.159
0.161
0.166
0.161
0.156
0.159
0.163
0.163
0.166
0.159
0.166
0.168
0.163
0.159
0.166
0.161
0.161
0.154
0.154
0.168
0.161
0.166
0.163
0.168
0.163
0.159
0.159
0.163
0.159
0.163
0.163
0.171
0.156
0.161
0.159
0.163
0.159
0.163
0.166
0.163
0.161
0.156
0.159
0.163
0.161
0.161
0.163
0.161
0.163
0.163
0.161
0.166
0.171
0.156
0.163
0.161
0.166
0.163
0.166
0.163
0.161
0.163
0.161
0.161
0.161
0.161
0.154
0.159
0.166
0.168
0.166
0.159
0.159
0.161
0.161
0.163
0.159
0.163
0.159
0.159
0.168
0.168
0.166
0.163
0.156
0.161
0.159
0.156
0.161
0.161
0.168
0.171
0.161
0.168
0.163
0.156
0.163
0.166
0.161
0.159
0.163
0.168
0.161
0.161
0.156
0.163
0.163
0.156
0.161
0.161
0.163
0.163
0.161
0.163
0.168
0.161
0.163
0.166
0.168
0.161
0.161
0.156
0.161
0.171
0.163
0.151
0.161
0.161
0.168
0.159
0.163
0.161
0.156
0.159
0.168
0.161
0.163
0.161
0.168
0.159
0.163
0.161
0.161
0.161
0.166
0.161
0.163
0.156
0.159
0.163
0.166
0.163
0.159
0.163
0.154
0.161
0.163
0.159
0.163
0.168
0.159
0.166
0.163
0.161
0.161
0.154
0.161
0.166
0.159
0.161
0.154
0.154
0.166
0.166
0.159
0.159
0.163
0.163
0.163
0.161
0.163
0.168
0.163
0.159
0.163
0.163
0.166
0.159
0.168
0.161
0.163
0.159
0.159
0.159
0.159
0.151
0.166
0.163
0.166
0.161
0.168
0.161
0.166
0.163
0.168
0.161
0.163
0.159
0.166
0.159
0.161
0.156
0.166
0.156
0.163
0.159
0.161
0.161
0.161
0.161
0.161
0.159
0.168
0.166
0.161
0.163
0.163
0.159
0.156
0.163
0.161
0.159
0.156
0.159
0.166
0.168
0.156
0.166
0.156
0.159
0.163
0.166
0.161
0.166
0.159
0.166
0.166
0.168
0.168
0.156
0.163
0.166
0.159
0.159
0.156
0.159
0.161
0.159
0.163
0.163
0.163
0.149
0.161
0.161
0.163
0.163
0.161
0.161
0.161
0.159
0.154
0.166
0.166
0.166
0.161
0.159
0.159
0.159
0.159
0.166
0.161
0.163
0.161
0.163
0.161
0.166
0.154
0.159
0.166
0.168
0.163
0.168
0.154
0.161
0.159
0.166
0.159
0.161
0.159
0.151
0.154
0.168
0.161
0.159
0.156
0.161
0.163
0.156
0.166
0.168
0.161
0.163
0.159
0.171
0.166
0.156
0.166
0.156
0.159
0.166
0.156
0.166
0.151
0.156
0.159
0.154
0.168
0.161
0.154
0.166
0.159
0.166
0.161
0.163
0.166
0.161
0.159
0.159
0.161
0.159
0.159
0.166
0.161
0.161
0.159
0.149
0.161
0.163
0.163
0.159
0.161
0.173
0.166
0.159
0.159
0.166
0.166
0.161
0.161
0.163
0.151
0.156
0.161
0.159
0.159
0.161
0.163
0.161
0.161
0.163
0.161
0.163
0.159
0.161
0.166
0.163
0.163
0.166
0.159
0.163
0.166
0.161
0.163
0.154
0.161
0.161
0.159
0.161
0.161
0.163
0.166
0.161
0.163
0.161
0.163
0.159
0.163
0.163
0.161
0.156
0.171
0.166
0.166
0.151
0.159
0.163
0.159
0.159
0.163
0.161
0.161
0.159
0.166
0.168
0.166
0.159
0.168
0.163
0.161
0.163
0.159
0.154
0.159
0.159
0.159
0.166
0.163
0.163
0.156
0.156
0.156
0.159
0.159
0.163
0.163
0.161
0.163
0.163
0.159
0.166
0.163
0.168
0.168
0.156
0.166
0.159
0.161
0.161
0.166
0.161
0.163
0.159
0.166
0.151
0.161
0.166
0.166
0.163
0.166
0.161
0.163
0.156
0.168
0.166
0.159
0.156
0.159
0.161
0.161
0.161
0.161
0.154
0.161
0.159
0.166
0.161
0.166
0.161
0.166
0.166
0.168
0.166
0.151
0.159
0.168
0.156
0.173
0.161
0.159
0.163
0.161
0.159
0.168
0.151
0.159
0.161
0.163
0.161
0.163
0.166
0.163
0.161
0.166
0.159
0.168
0.166
0.163
0.161
0.166
0.166
0.163
0.156
0.163
0.161
0.161
0.156
0.161
0.163
0.166
0.161
0.168
0.156
0.171
0.166
0.168
0.166
0.166
0.161
-2.061
-1.922
-1.878
-1.707
-1.598
-1.541
-1.459
-1.368
-1.278
-1.210
-1.161
-1.090
-1.029
-0.980
-0.932
-0.871
-0.839
-0.798
-0.756
-0.720
-0.683
-0.659
-0.622
-0.615
-0.612
-0.583
-0.546
-0.524
-0.515
-0.485
-0.466
-0.439
-0.427
-0.417
-0.402
-0.376
-0.366
-0.351
-0.324
-0.320
-0.317
-0.310
-0.295
-0.293
-0.273
-0.259
-0.251
-0.246
-0.234
-0.222
-0.222
-0.210
-0.210
-0.200
-0.198
-0.188
-0.198
-0.185
-0.183
-0.178
-0.176
-0.166
-0.166
-0.161
-0.166
-0.163
-0.161
-0.156
-0.149
-0.154
-0.159
-0.159
-0.163
-0.154
-0.156
-0.154
-0.139
-0.149
-0.151
-0.141
-0.139
-0.139
-0.144
-0.144
-0.137
-0.129
-0.139
-0.129
-0.124
-0.127
-0.129
-0.132
-0.129
-0.122
-0.127
-0.120
-0.120
-0.115
-0.110
-0.105
-0.110
-0.105
-0.105
-0.110
-0.115
-0.105
-0.102
-0.105
-0.102
-0.105
-0.102
-0.105
-0.100
-0.100
-0.102
-0.100
-0.105
-0.098
-0.098
-0.098
-0.105
-0.100
-0.098
-0.100
-0.088
-0.105
-0.095
-0.095
-0.098
-0.093
-0.085
-0.100
-0.100
-0.098
-0.100
-0.100
-0.093
-0.085
-0.090
-0.093
-0.095
-0.093
-0.090
-0.088
-0.090
-0.085
-0.083
-0.083
-0.083
-0.080
-0.085
-0.083
-0.083
-0.090
-0.095
-0.076
-0.080
-0.083
-0.076
-0.090
-0.080
-0.073
-0.083
-0.083
-0.085
-0.078
-0.071
-0.073
-0.088
-0.080
-0.078
-0.076
-0.068
-0.083
-0.071
-0.085
-0.068
-0.085
-0.076
-0.080
-0.071
-0.080
-0.076
-0.068
-0.078
-0.066
-0.076
-0.071
-0.071
-0.071
-0.073
-0.071
-0.076
-0.068
-0.073
-0.068
-0.073
-0.073
-0.080
-0.071
-0.071
-0.073
-0.071
-0.071
-0.073
-0.066
-0.068
-0.071
-0.066
-0.066
-0.066
-0.068
Closing
