VC mem handle 5, phys 0xfe86f000, virt 0xb6fdd000
CS 54004003 enable=1 done=1 pxldat=1 txw=1 txd=1 txe=1
0.010
0.002
0.007
0.002
0.015
0.002
0.002
0.017
0.010
0.007
0.005
0.012
0.005
0.012
0.005
0.005
0.012
0.007
0.005
0.012
0.000
0.015
0.007
0.012
0.020
0.005
0.005
0.015
0.005
0.005
0.010
0.010
0.007
0.005
0.010
0.010
0.005
0.010
0.012
0.007
0.007
0.007
0.012
0.007
0.005
0.017
0.012
0.012
0.010
0.010
0.012
0.005
0.007
0.012
0.010
0.005
0.007
0.007
0.012
0.002
0.010
0.012
0.007
0.000
0.012
0.007
0.010
0.005
0.005
0.007
0.005
0.010
0.010
0.002
0.010
0.005
0.005
0.010
0.007
0.012
0.007
0.007
0.007
0.005
0.010
0.015
0.007
0.015
0.005
0.010
0.010
0.010
0.012
0.012
0.007
0.007
0.007
0.012
0.010
0.005
0.012
0.010
0.005
0.007
0.010
0.012
0.007
0.005
0.012
0.005
0.005
0.012
0.010
0.010
0.005
0.005
0.015
0.002
0.010
0.015
0.007
0.007
0.012
0.010
0.010
0.012
0.007
0.007
0.007
0.010
0.012
0.007
0.007
0.015
0.005
0.010
0.010
0.010
0.015
0.005
0.010
0.007
0.010
0.012
0.007
0.010
0.005
0.017
0.012
0.007
0.010
0.012
0.005
0.010
0.007
0.010
0.012
0.002
0.010
0.012
0.005
0.015
0.007
0.010
0.010
0.007
0.007
0.010
0.005
0.005
0.015
0.010
0.007
0.005
0.010
0.012
0.005
0.007
0.010
0.012
0.010
0.005
0.015
0.010
0.005
0.010
0.010
0.012
0.007
0.002
0.012
0.010
0.007
0.012
0.007
0.012
0.002
0.012
0.010
0.010
0.010
0.012
0.007
0.010
0.007
0.010
0.010
0.010
0.007
0.012
0.005
0.012
0.007
0.007
0.010
0.007
0.002
0.017
0.002
0.017
0.012
0.007
0.012
0.010
0.010
0.007
0.007
0.005
0.012
0.002
0.012
0.007
0.007
0.010
0.010
0.007
0.015
0.010
0.007
0.002
0.007
0.010
0.010
0.005
0.002
0.012
0.005
0.012
0.005
0.007
0.010
0.005
0.015
0.012
0.002
0.017
0.002
0.010
0.010
0.007
0.012
0.017
0.007
0.005
0.010
0.005
0.010
0.007
0.012
0.007
0.007
0.007
0.010
0.005
0.012
0.002
0.015
0.005
0.010
0.010
0.010
0.005
0.015
0.010
0.002
0.010
0.010
0.005
0.007
0.007
0.007
0.012
0.010
0.000
0.007
0.007
0.010
0.012
0.010
0.012
0.010
0.007
0.010
0.010
0.010
0.010
0.002
0.010
0.005
0.007
0.010
0.007
0.005
0.012
0.010
0.010
-0.002
0.012
0.007
0.005
0.005
0.015
0.007
0.005
0.005
0.015
0.005
0.005
0.010
0.010
0.010
0.007
0.007
0.007
0.007
0.007
0.012
0.005
0.010
0.007
0.010
0.007
0.012
0.015
0.020
0.002
0.017
0.007
0.007
0.007
0.017
0.000
0.012
0.007
0.010
0.010
0.005
0.010
0.012
0.010
0.010
0.005
0.010
0.010
0.005
0.015
0.012
0.000
0.010
0.002
0.012
0.010
0.005
0.012
0.012
0.002
0.010
0.007
0.010
0.005
0.005
0.012
0.010
0.007
0.007
0.007
0.010
0.005
0.010
0.015
0.005
0.005
0.012
0.012
0.020
0.005
0.010
0.005
0.007
0.010
0.017
0.002
0.007
0.002
0.012
0.005
0.010
0.010
0.002
0.010
0.010
0.010
0.010
0.002
0.012
0.010
0.010
0.010
0.010
0.007
0.010
0.007
0.010
0.007
0.007
0.005
0.010
0.007
0.012
0.010
0.010
0.007
0.007
0.007
0.015
0.010
0.015
0.007
0.005
0.005
0.012
0.012
0.007
0.012
0.002
0.012
0.007
0.012
0.017
0.012
0.002
0.015
0.005
0.010
0.005
0.012
0.005
0.010
0.007
0.005
0.007
0.010
0.005
0.017
0.002
0.012
0.010
0.002
0.015
0.010
0.007
0.012
0.010
0.007
0.007
0.007
0.002
0.012
0.005
0.012
0.010
0.007
0.010
0.007
0.010
0.007
0.000
0.015
0.005
0.005
0.015
0.005
0.012
0.010
0.012
0.007
0.007
0.007
0.010
0.007
0.012
0.005
0.007
0.005
0.012
0.007
0.010
0.005
0.012
0.000
0.010
0.005
0.015
0.005
0.012
0.005
0.007
0.005
0.012
0.005
0.010
0.010
0.012
0.000
0.010
0.010
0.015
0.002
0.012
0.010
0.010
0.005
0.007
0.010
0.007
0.012
0.012
0.007
0.012
0.010
0.010
0.010
0.005
0.015
0.010
0.005
0.012
0.005
0.005
0.010
0.005
0.010
0.017
0.002
0.015
0.002
0.010
0.015
0.002
0.010
0.007
0.012
0.000
0.012
0.010
0.002
0.012
0.005
0.005
0.015
0.002
0.010
0.010
0.010
0.012
0.005
0.010
0.010
0.012
0.010
0.002
0.010
0.012
0.005
0.010
0.010
0.010
0.010
0.010
0.005
0.012
0.002
0.012
0.007
0.005
0.007
0.010
0.005
0.017
0.005
0.010
0.000
0.007
0.012
0.012
0.002
0.012
0.005
0.010
0.005
0.005
0.017
0.015
0.015
0.010
0.002
0.012
0.005
0.007
0.012
0.005
0.010
0.010
0.002
0.010
0.002
0.012
0.017
0.002
0.015
0.007
0.010
0.007
0.007
0.010
0.005
0.010
-0.005
0.010
0.012
0.005
0.010
0.012
0.005
0.012
0.002
0.015
0.012
0.005
0.012
0.012
0.000
0.015
0.010
0.005
0.012
0.000
0.015
0.012
0.005
0.005
0.017
0.000
0.015
0.002
0.005
0.017
0.002
0.010
0.012
0.007
0.005
0.012
0.002
0.015
0.010
0.010
0.012
0.005
0.007
0.015
0.005
0.005
0.010
0.007
0.010
0.007
0.012
0.010
0.005
0.010
0.012
0.007
0.010
0.010
0.012
0.005
0.005
0.012
0.010
0.005
0.012
0.007
0.010
0.000
0.010
0.015
0.007
0.000
0.015
0.005
0.010
0.012
0.012
0.012
0.010
0.007
0.005
0.007
0.012
0.012
0.007
0.010
0.007
0.005
0.005
0.012
0.012
0.007
0.002
0.010
0.007
0.007
0.010
0.015
0.010
-0.007
0.012
0.010
0.010
0.010
0.012
0.002
0.007
0.024
-0.007
0.005
0.012
0.010
0.010
0.010
0.005
0.015
0.020
-0.012
0.015
0.005
0.007
0.010
0.002
0.015
0.015
0.027
-0.002
0.007
0.012
0.007
0.007
0.005
0.010
0.012
0.005
0.012
0.017
0.000
0.012
0.007
0.015
0.015
0.002
0.017
0.002
0.005
0.020
0.007
0.005
0.007
0.010
0.007
0.010
0.002
0.012
0.007
0.010
0.015
0.015
0.002
0.010
0.010
0.012
0.005
0.015
0.005
0.010
0.012
0.007
0.007
0.010
0.000
0.012
0.010
0.020
0.012
0.005
0.010
0.012
0.007
0.010
0.002
0.010
0.012
0.002
0.012
0.012
0.002
0.010
0.007
0.005
0.012
0.010
0.010
0.010
0.005
0.007
0.007
0.015
0.017
0.007
0.012
0.015
0.002
0.010
0.012
0.007
0.010
0.010
0.012
0.002
0.010
0.007
0.010
0.005
0.015
0.010
0.010
0.005
0.002
0.005
0.012
0.002
0.010
0.015
0.007
0.005
0.015
0.002
0.012
0.007
0.007
0.007
0.012
0.007
0.010
0.015
0.012
0.005
0.010
0.012
0.017
0.002
0.010
0.002
0.015
0.005
0.012
0.010
0.005
0.012
0.007
0.007
0.005
0.005
0.015
0.007
0.002
0.020
0.005
0.007
0.007
0.010
0.010
0.010
0.010
0.010
0.005
0.012
0.012
0.015
0.015
0.010
0.010
0.010
0.002
0.015
0.010
-0.002
0.007
0.015
0.007
0.010
0.002
0.000
0.012
0.002
0.010
0.010
0.012
0.012
0.010
0.005
0.012
0.007
0.007
0.015
0.015
0.015
0.007
0.005
0.017
0.002
0.010
0.007
0.012
0.010
0.010
0.005
0.010
0.007
0.010
0.007
0.017
0.007
0.010
0.000
0.015
0.007
0.015
0.000
0.010
0.010
0.017
0.007
0.000
0.010
0.010
0.012
0.015
0.010
0.005
0.010
0.010
0.012
0.007
0.012
0.002
0.012
0.005
0.015
0.010
0.010
0.002
0.017
0.010
0.010
0.000
0.015
0.010
0.007
0.007
0.010
0.012
0.007
0.005
0.005
0.012
0.002
0.007
0.015
0.015
0.002
0.007
0.010
0.020
0.010
0.002
0.007
0.002
0.015
0.005
0.010
0.012
0.005
0.010
0.010
0.015
0.002
0.010
0.020
0.015
0.000
0.015
0.015
0.002
0.012
0.012
0.012
0.002
0.007
0.007
0.007
0.017
0.015
0.007
0.002
0.007
0.000
0.010
0.010
0.012
0.007
0.012
0.012
0.007
0.010
0.012
0.012
0.010
0.002
0.015
0.010
0.005
0.012
0.015
0.010
0.007
0.012
0.007
0.017
0.005
0.020
0.000
0.015
0.007
0.017
0.000
0.010
0.002
0.015
0.002
0.002
0.010
0.012
0.007
0.012
0.010
0.002
0.012
0.010
0.010
0.015
0.005
0.015
0.012
0.000
0.012
0.005
0.010
0.002
0.007
0.010
0.020
0.005
0.015
-0.002
0.017
0.012
0.005
0.012
0.012
-0.002
0.010
0.007
0.015
0.020
0.000
0.022
0.007
-0.002
0.015
0.007
0.005
0.017
0.010
0.020
-0.005
0.002
0.012
0.012
0.007
0.015
0.015
0.012
-0.005
0.020
0.022
0.012
0.000
0.007
0.012
0.024
-0.005
0.027
0.022
0.007
-0.002
0.007
0.022
0.007
-0.005
0.027
0.020
0.002
0.005
0.020
0.024
0.002
-0.005
0.024
0.017
0.007
-0.002
0.017
0.007
0.010
-0.010
0.017
0.012
0.007
0.007
0.020
0.012
0.020
0.078
-0.002
0.012
0.007
0.010
0.017
0.015
0.010
0.012
-0.005
0.020
0.005
0.010
0.010
0.012
0.020
0.022
-0.010
0.022
0.002
0.017
0.015
0.022
0.012
0.020
0.078
-0.005
-0.002
0.010
0.005
0.027
0.020
0.012
0.015
-0.015
0.005
0.017
0.005
0.024
0.015
0.015
0.000
0.071
-0.007
0.012
0.000
0.024
0.010
0.012
0.012
0.051
2.298
2.405
2.393
2.390
2.388
2.393
2.390
2.390
2.390
2.388
2.383
2.390
2.393
2.376
2.383
2.388
2.388
2.393
2.383
2.385
2.385
2.400
2.380
2.393
2.393
2.383
2.390
2.402
2.390
2.383
2.393
2.388
2.390
2.388
2.385
2.388
2.390
2.388
2.388
2.398
2.380
2.393
2.393
2.388
2.388
2.395
2.390
2.393
2.385
2.388
2.388
2.398
2.388
2.390
2.380
2.388
2.395
2.385
2.390
2.393
2.388
2.380
2.390
2.393
2.388
2.385
2.383
2.388
2.395
2.383
2.388
2.388
2.400
2.390
2.383
2.395
2.395
2.383
2.395
2.388
2.383
2.388
2.388
2.395
2.393
2.383
2.395
2.393
2.380
2.388
2.390
2.388
2.378
2.388
2.393
2.376
2.393
2.393
2.383
2.393
2.390
2.385
2.385
2.398
2.376
2.388
2.393
2.385
2.393
2.400
2.388
2.390
2.388
2.383
2.388
2.400
2.385
2.390
2.395
2.388
2.395
2.380
2.390
2.378
2.390
2.380
2.393
2.385
2.385
2.380
2.383
2.393
2.380
2.388
2.385
2.398
2.390
2.383
2.385
2.383
2.393
2.393
2.393
2.388
2.385
2.385
2.398
2.383
2.388
2.390
2.388
2.395
2.393
2.390
2.388
2.385
2.398
2.383
2.393
2.393
2.378
2.388
2.398
2.383
2.380
2.376
2.385
2.388
2.398
2.388
2.385
2.383
2.393
2.398
2.388
2.388
2.390
2.393
2.390
2.383
2.385
2.395
2.390
2.393
2.383
2.388
2.395
2.385
2.388
2.390
2.380
2.388
2.388
2.395
2.390
2.388
2.390
2.383
2.388
2.393
2.385
2.393
2.380
2.390
2.383
2.388
2.393
2.380
2.395
2.383
2.393
2.385
2.380
2.385
2.380
2.390
2.395
2.380
2.388
2.400
2.385
2.398
2.385
2.390
2.400
2.385
2.393
2.383
2.395
2.388
2.388
2.383
2.388
2.393
2.378
2.385
2.390
2.390
2.385
2.385
2.390
2.378
2.395
2.388
2.383
2.388
2.395
2.388
2.380
2.395
2.390
2.383
2.388
2.395
2.393
2.388
2.383
2.395
2.383
2.388
2.393
2.383
2.373
2.395
2.385
2.393
2.380
2.393
2.380
2.388
2.383
2.393
2.383
2.380
2.385
2.385
2.388
2.390
2.380
2.385
2.388
2.388
2.395
2.388
2.385
2.380
2.393
2.393
2.390
2.385
2.390
2.385
2.393
2.383
2.385
2.393
2.393
2.395
2.380
2.395
2.378
2.388
2.395
2.380
2.388
2.398
2.380
2.390
2.388
2.388
2.393
2.378
2.388
2.383
2.383
2.383
2.393
2.388
2.380
2.395
2.390
2.380
2.390
2.390
2.383
2.395
2.383
2.395
2.383
2.388
2.388
2.390
2.388
2.402
2.376
2.390
2.378
2.393
2.385
2.380
2.388
2.378
2.393
2.380
2.393
2.380
2.393
2.383
2.390
2.393
2.380
2.388
2.385
2.385
2.380
2.385
2.388
2.385
2.388
2.395
2.383
2.383
2.378
2.393
2.388
2.393
2.388
2.388
2.380
2.390
2.398
2.380
2.395
2.383
2.395
2.390
2.383
2.385
2.390
2.380
2.390
2.380
2.393
2.373
2.380
2.400
2.380
2.385
2.390
2.388
2.385
2.388
2.388
2.388
2.390
2.395
2.380
2.390
2.393
2.385
2.390
2.390
2.385
2.398
2.383
2.385
2.385
2.398
2.380
2.380
2.393
2.378
2.380
2.398
2.390
2.390
2.383
2.385
2.385
2.398
2.383
2.388
2.378
2.388
2.383
2.395
2.385
2.385
2.383
2.393
2.388
2.385
2.376
2.393
2.385
2.390
2.383
2.388
2.395
2.388
2.390
2.385
2.395
2.383
2.383
2.393
2.388
2.383
2.380
2.395
2.385
2.378
2.388
2.383
2.393
2.383
2.385
2.390
2.385
2.385
2.388
2.383
2.385
2.383
2.393
2.378
2.393
2.388
2.385
2.385
2.395
2.380
2.383
2.398
2.380
2.390
2.393
2.388
2.388
2.383
2.388
2.390
2.380
2.380
2.378
2.393
2.388
2.383
2.388
2.385
2.383
2.388
2.393
2.380
2.393
2.383
2.390
2.393
2.380
2.395
2.380
2.390
2.385
2.388
2.390
2.385
2.393
2.398
2.380
2.380
2.398
2.388
2.383
2.400
2.378
2.388
2.385
2.385
2.390
2.383
2.383
2.385
2.395
2.385
2.388
2.388
2.378
2.385
2.388
2.393
2.388
2.385
2.378
2.383
2.383
2.390
2.383
2.383
2.393
2.390
2.385
2.383
2.388
2.385
2.388
2.393
2.388
2.390
2.395
2.380
2.395
2.393
2.385
2.378
2.395
2.383
2.385
2.376
2.385
2.378
2.393
2.385
2.388
2.376
2.390
2.388
2.390
2.388
2.380
2.395
2.388
2.390
2.380
2.393
2.380
2.388
2.380
2.390
2.383
2.385
2.388
2.383
2.385
2.385
2.380
2.385
2.388
2.393
2.385
2.383
2.395
2.388
2.380
2.393
2.383
2.376
2.395
2.376
2.395
2.385
2.380
2.380
2.385
2.395
2.385
2.383
2.388
2.388
2.378
2.388
2.390
2.385
2.388
2.380
2.393
2.390
2.388
2.388
2.385
2.393
2.390
2.385
2.383
2.388
2.393
2.388
2.393
2.378
2.388
2.395
2.380
2.393
2.380
2.393
2.378
2.398
2.388
2.385
2.378
2.380
2.388
2.380
2.390
2.385
2.383
2.390
2.383
2.383
2.388
2.383
2.383
2.395
2.383
2.385
2.380
2.395
2.393
2.385
2.388
2.390
2.380
2.390
2.383
2.390
2.378
2.393
2.385
2.378
2.385
2.385
2.385
2.388
2.390
2.378
2.393
2.385
2.388
2.385
2.390
2.378
2.376
2.390
2.378
2.395
2.388
2.388
2.380
2.393
2.388
2.378
2.395
2.388
2.383
2.388
2.385
2.385
2.393
2.390
2.388
2.383
2.383
2.393
2.383
2.383
2.373
2.385
2.390
2.380
2.383
2.380
2.383
2.388
2.383
2.393
2.378
2.385
2.385
2.390
2.385
2.390
2.383
2.385
2.395
2.390
2.385
2.380
2.395
2.378
2.385
2.393
2.383
2.378
2.398
2.383
2.393
2.388
2.385
2.376
2.390
2.395
2.385
2.383
2.383
2.395
2.388
2.388
2.378
2.390
2.388
2.378
2.383
2.393
2.385
2.383
2.395
2.378
2.390
2.390
2.380
2.383
2.395
2.380
2.390
2.388
2.380
2.388
2.385
2.383
2.390
2.380
2.388
2.393
2.383
2.390
2.390
2.378
2.385
2.383
2.380
2.380
2.385
2.385
2.383
2.393
2.385
2.380
2.385
2.385
2.390
2.390
2.380
2.383
2.398
2.380
2.393
2.385
2.378
2.380
2.390
2.383
2.393
2.380
2.378
2.395
2.388
2.378
2.385
2.385
2.385
2.385
2.395
2.385
2.380
2.388
2.385
2.385
2.388
2.383
2.383
2.385
2.380
2.388
2.388
2.388
2.388
2.383
2.388
2.393
2.378
2.390
2.393
2.390
2.388
2.383
2.393
2.383
2.395
2.380
2.383
2.388
2.390
2.378
2.383
2.388
2.393
2.378
2.380
2.390
2.380
2.390
2.371
2.385
2.373
2.393
2.378
2.385
2.383
2.383
2.385
2.393
2.378
2.383
2.398
2.388
2.378
2.385
2.393
2.378
2.395
2.380
2.393
2.388
2.385
2.390
2.380
2.395
2.390
2.376
2.378
2.390
2.388
2.378
2.385
2.393
2.378
2.395
2.385
2.380
2.390
2.390
2.385
2.378
2.395
2.385
2.380
2.380
2.383
2.388
2.393
2.390
2.383
2.380
2.380
2.385
2.385
2.393
2.380
2.388
2.385
2.388
2.385
2.393
2.388
2.383
2.388
2.390
2.388
2.385
2.385
2.378
2.390
2.378
2.385
2.383
2.388
2.385
2.383
2.380
2.373
2.393
2.388
2.378
2.393
2.390
2.378
2.385
2.383
2.385
2.393
2.388
2.378
2.385
2.393
2.385
2.378
2.393
2.380
2.393
2.388
2.383
2.373
2.398
2.383
2.378
2.385
2.383
2.393
2.380
2.380
2.393
2.380
2.393
2.385
2.373
2.383
2.388
2.385
2.383
2.388
2.383
2.393
2.378
2.383
2.388
2.383
2.373
2.390
2.380
2.383
2.393
2.380
2.393
2.380
2.383
2.385
2.388
2.385
2.385
2.385
2.383
2.385
2.385
2.388
2.383
2.390
2.385
2.388
2.380
2.390
2.383
2.380
2.373
2.383
2.388
2.385
2.380
2.380
2.388
2.388
2.380
2.383
2.388
2.390
2.378
2.385
2.388
2.385
2.385
2.385
2.395
2.383
2.395
2.388
2.388
2.388
2.385
2.390
2.388
2.378
2.388
2.380
2.383
2.383
2.385
2.378
2.390
2.385
2.383
2.383
2.383
2.385
2.393
2.383
2.380
2.393
2.378
2.385
2.390
2.395
2.373
2.383
2.388
2.385
2.393
2.385
2.376
2.393
2.380
2.383
2.388
2.390
2.378
2.398
2.390
2.376
2.388
2.385
2.390
2.380
2.388
2.385
2.378
2.395
2.385
2.380
2.376
2.380
2.388
2.388
2.385
2.388
2.388
2.383
2.395
2.383
2.393
2.390
2.388
2.385
2.388
2.383
2.393
2.378
2.385
2.390
2.393
2.390
2.385
2.378
2.388
2.393
2.393
2.376
2.380
2.388
2.395
2.385
2.385
2.380
2.385
2.395
2.380
2.388
2.385
2.388
2.385
2.383
2.388
2.388
2.378
2.390
2.385
2.383
2.385
2.383
2.390
2.393
2.393
2.378
2.393
2.380
2.393
2.383
2.385
2.385
2.388
2.393
2.378
2.385
2.383
2.388
2.390
2.388
2.388
2.378
2.393
2.378
2.376
2.393
2.383
2.390
2.390
2.385
2.380
2.393
2.388
2.376
2.388
2.388
2.383
2.393
2.383
2.383
2.398
2.390
2.380
2.390
2.383
2.383
2.388
2.385
2.385
2.376
2.380
2.380
2.385
2.388
2.388
2.388
2.383
2.383
2.378
2.383
2.385
2.383
2.385
2.385
2.380
2.383
2.390
2.380
2.390
2.383
2.388
2.385
2.380
2.380
2.385
2.393
2.383
2.385
2.388
2.388
2.378
2.385
2.390
2.380
2.388
2.393
2.385
2.383
2.385
2.385
2.380
2.385
2.390
2.380
2.390
2.380
2.390
2.388
2.383
2.385
2.388
2.383
2.385
2.388
2.383
2.390
2.383
2.393
2.385
2.380
2.390
2.385
2.383
2.385
2.388
2.385
2.395
2.385
2.383
2.393
2.378
2.388
2.380
2.383
2.390
2.383
2.380
2.383
2.390
2.385
2.380
2.385
2.388
2.383
2.388
2.385
2.380
2.390
2.383
2.390
2.385
2.383
2.388
2.390
2.378
2.380
2.371
2.383
2.393
2.383
2.388
2.383
2.393
2.383
2.385
2.385
2.383
2.385
2.388
2.383
2.380
2.385
2.390
2.383
2.378
2.390
2.383
2.380
2.385
2.383
2.376
2.378
2.390
2.378
2.383
2.385
2.385
2.380
2.395
2.385
2.380
2.393
2.383
2.390
2.388
2.383
2.390
2.388
2.380
2.383
2.388
2.388
2.393
2.378
2.380
2.393
2.385
2.380
2.393
2.383
2.380
2.393
2.380
2.376
2.393
2.378
2.380
2.383
2.388
2.380
2.385
2.393
2.376
2.393
2.380
2.385
2.390
2.383
2.383
2.376
2.400
2.378
2.388
2.390
2.383
2.388
2.388
2.393
2.380
2.388
2.385
2.383
2.383
2.390
2.383
2.380
2.385
2.385
2.383
2.378
2.385
2.385
2.383
2.388
2.385
2.380
2.385
2.390
2.385
2.383
2.376
2.388
2.388
2.383
2.390
2.385
2.390
2.383
2.393
2.385
2.390
2.383
2.385
2.393
2.380
2.388
2.390
2.393
2.383
2.388
2.395
2.376
2.380
2.393
2.380
2.380
2.385
2.388
2.383
2.388
2.380
2.380
2.385
2.385
2.388
2.385
2.383
2.388
2.383
2.385
2.390
2.388
2.388
2.380
2.378
2.388
2.383
2.393
2.380
2.388
2.388
2.383
2.395
2.385
2.380
2.388
2.388
2.388
2.383
2.383
2.390
2.388
2.383
2.388
2.385
2.383
2.380
2.383
2.385
2.383
2.380
2.388
2.388
2.383
2.385
2.385
2.390
2.380
2.385
2.393
2.388
2.385
2.390
2.385
2.383
2.388
2.388
2.380
2.388
2.388
2.385
2.393
2.380
2.383
2.380
2.388
2.388
2.385
2.385
2.378
2.383
2.385
2.385
2.388
2.388
2.385
2.383
2.388
2.383
2.390
2.388
2.388
2.388
2.390
2.380
2.393
2.383
2.383
2.378
2.388
2.388
2.385
2.385
2.380
2.385
2.385
2.390
2.383
2.388
2.383
2.385
2.385
2.385
2.385
2.383
2.383
2.388
2.383
2.388
2.388
2.385
2.385
2.378
2.388
2.390
2.383
2.385
2.390
2.385
2.390
2.385
2.385
2.378
2.385
2.390
2.380
2.390
2.385
2.390
2.388
2.388
2.388
2.385
2.385
2.388
2.390
2.378
2.385
2.393
2.385
2.388
2.388
2.385
2.383
2.390
2.388
2.383
2.388
2.385
2.388
2.388
2.383
2.385
2.390
2.380
2.388
2.390
2.390
2.388
2.385
2.393
2.385
2.388
2.385
2.378
2.380
2.390
2.388
2.383
2.390
2.388
2.388
2.388
2.383
2.383
2.388
2.385
2.383
2.390
2.388
2.388
2.383
2.385
2.385
2.388
2.378
2.378
2.388
2.385
2.383
2.388
2.385
2.383
2.388
2.393
2.388
2.388
2.385
2.388
2.390
2.383
2.390
2.388
2.393
2.390
2.388
2.388
2.385
2.385
2.385
2.388
2.388
2.383
2.378
2.388
2.385
2.385
2.383
2.385
2.385
2.385
2.390
2.385
2.388
2.388
2.388
2.388
2.388
2.385
2.380
2.388
2.388
2.390
2.385
2.383
2.380
2.373
2.385
2.388
2.390
2.385
2.388
2.385
2.385
2.385
2.388
2.385
2.385
2.390
2.385
2.388
2.383
2.385
2.385
2.385
2.385
2.383
2.390
2.388
2.378
2.383
2.385
2.388
2.388
2.385
2.385
2.390
2.388
2.380
2.388
2.388
2.388
2.388
2.388
2.385
2.390
2.385
2.388
2.388
2.388
2.385
2.388
2.385
2.376
2.383
2.393
2.385
2.388
2.388
2.385
2.385
2.385
2.383
2.383
2.388
2.390
2.388
2.390
2.383
2.383
2.383
2.388
2.388
2.385
2.390
2.383
2.385
2.385
2.385
2.383
2.383
2.376
2.383
2.385
2.390
2.385
2.385
2.385
2.383
2.390
2.383
2.385
2.388
2.385
2.388
2.385
2.380
2.385
2.388
2.388
2.388
2.385
2.388
2.388
2.385
2.390
2.380
2.390
2.390
2.390
2.385
2.385
2.385
2.383
2.388
2.385
2.385
2.385
2.385
2.388
2.390
2.383
2.385
2.385
2.390
2.388
2.385
2.385
2.380
2.378
2.395
2.385
2.383
2.385
2.388
2.385
2.380
2.385
2.385
2.383
2.383
2.385
2.388
2.385
2.388
2.388
2.390
2.385
2.383
2.388
2.388
2.388
2.388
2.390
2.385
2.385
2.388
2.390
2.388
2.385
2.383
2.380
2.388
2.385
2.383
2.383
2.388
2.388
2.383
2.383
2.390
2.383
2.380
2.390
2.388
2.385
2.385
2.390
2.380
2.383
2.390
2.383
2.390
2.385
2.388
2.385
2.385
2.388
2.388
2.390
2.383
2.390
2.388
2.388
2.390
2.383
2.385
2.383
2.383
2.383
2.385
2.383
2.380
2.390
2.388
2.383
2.385
2.385
2.388
2.383
2.388
2.388
2.390
2.383
2.385
2.385
2.388
2.385
2.388
2.388
2.383
2.385
2.388
2.390
2.388
2.388
2.388
2.383
2.383
2.393
2.385
2.383
2.388
2.388
2.385
2.383
2.383
2.383
2.388
2.385
2.385
2.390
2.383
2.383
2.383
2.388
2.390
2.383
2.390
2.385
2.383
2.383
2.380
2.388
2.388
2.385
2.383
2.388
2.385
2.383
2.385
2.388
2.385
2.388
2.385
2.388
2.388
2.383
2.385
2.388
2.380
2.385
2.385
2.388
2.393
2.378
2.388
2.393
2.383
2.385
2.385
2.390
2.385
2.390
2.388
2.383
2.388
2.385
2.388
2.383
2.388
2.388
2.390
2.390
2.390
2.390
2.388
2.385
2.388
2.390
2.385
2.380
2.380
2.380
2.393
2.385
2.388
2.385
2.385
2.385
2.388
2.385
2.390
2.388
2.388
2.390
2.390
2.390
2.388
2.388
2.388
2.390
2.388
2.385
2.388
2.385
2.383
2.393
2.388
2.388
2.390
2.383
2.388
2.388
0.117
0.024
0.010
0.007
0.010
0.010
0.005
0.012
0.002
0.002
0.015
0.007
0.010
0.010
0.002
0.015
0.010
0.000
0.007
0.007
0.012
0.010
0.007
0.005
0.010
0.002
0.007
0.010
0.012
0.002
0.007
0.007
0.010
0.007
0.007
0.007
0.010
0.007
0.005
0.015
0.012
0.002
0.010
0.010
0.010
0.007
0.005
0.010
0.015
0.002
0.010
0.007
0.007
0.007
0.007
0.007
0.005
0.012
0.010
0.005
0.010
0.010
0.007
0.007
0.010
0.022
0.010
0.005
0.012
0.007
0.005
0.012
0.010
0.012
0.002
0.002
0.015
0.005
0.007
0.015
0.002
0.007
0.007
0.005
0.002
0.007
0.012
-0.002
0.010
0.005
0.005
0.010
0.010
0.007
0.012
0.002
0.007
0.005
0.012
0.012
0.007
0.010
0.015
0.012
0.002
0.007
0.012
0.007
0.002
0.012
0.005
0.012
0.007
0.005
0.012
0.005
0.012
0.017
0.000
0.012
0.005
0.002
0.017
0.002
0.012
0.005
0.005
0.010
0.002
0.010
0.007
0.012
0.010
0.002
0.007
0.010
0.010
0.007
0.010
0.022
0.010
0.012
0.005
0.012
0.010
0.007
0.010
0.012
0.005
0.007
0.002
0.012
0.007
0.005
0.010
0.010
0.000
0.010
0.015
0.007
0.005
0.007
0.012
0.007
0.005
0.012
0.010
0.007
0.005
0.010
0.012
0.005
0.007
0.020
0.002
0.005
0.007
0.012
0.010
0.000
0.012
0.012
0.005
0.002
0.010
0.017
0.005
0.007
0.012
0.010
0.002
0.017
0.005
0.002
0.005
0.010
0.017
0.007
0.007
0.007
0.002
0.012
0.002
0.010
0.002
0.010
0.012
0.010
0.012
0.010
0.007
0.007
0.007
0.007
0.007
0.015
0.012
0.007
0.007
0.010
0.010
0.010
0.010
0.007
0.015
0.007
0.010
0.010
0.007
0.007
0.010
0.010
0.007
0.010
0.007
0.005
0.007
0.002
0.010
0.010
0.007
0.012
0.010
0.010
0.012
0.012
0.007
0.007
0.005
0.010
0.002
0.007
0.010
0.010
0.002
0.007
0.007
0.012
0.007
0.007
0.010
0.007
0.010
0.005
0.002
0.012
0.005
0.007
0.010
0.005
0.010
0.002
0.012
0.010
-0.002
0.010
0.012
0.005
0.015
0.007
0.007
0.010
0.002
0.007
0.015
0.000
0.007
0.002
0.010
0.012
0.007
0.005
0.005
0.010
0.005
0.015
0.005
0.010
0.002
0.005
0.007
0.015
0.005
0.010
0.007
0.012
0.007
0.002
0.012
0.007
0.010
0.012
0.007
0.012
0.005
0.012
0.012
0.007
0.010
0.015
0.005
0.010
0.002
0.012
0.010
0.002
0.012
0.007
0.007
0.015
0.007
0.010
0.007
0.005
0.010
0.007
0.005
0.010
0.012
0.010
0.007
0.010
0.010
0.007
0.007
0.015
0.010
0.005
0.007
0.010
0.007
0.005
0.012
0.007
0.010
0.005
0.012
0.015
0.007
0.007
0.015
0.005
0.000
0.007
0.012
0.002
0.007
0.010
0.007
0.007
0.012
0.007
0.012
0.007
0.005
0.012
0.007
0.010
0.017
0.005
0.015
0.005
0.002
0.015
0.012
0.010
0.007
0.002
0.010
0.007
0.012
0.005
0.012
0.007
0.002
0.012
0.010
0.007
0.015
0.005
0.010
0.007
0.010
0.010
0.005
0.007
0.007
0.010
0.015
0.007
0.012
0.012
0.005
0.010
0.012
0.010
0.002
0.010
0.015
0.007
0.007
0.012
0.010
0.007
0.010
0.007
0.005
0.012
0.010
0.015
0.007
0.005
0.012
0.005
0.010
0.015
0.007
0.005
0.010
0.005
0.017
0.005
0.012
0.010
0.010
0.010
0.015
0.005
0.012
0.007
0.015
0.005
0.007
0.010
0.005
0.007
0.015
0.005
0.007
0.005
0.012
0.012
0.002
0.012
0.007
0.010
0.012
0.010
0.017
0.010
0.005
0.010
0.002
0.007
0.012
0.007
0.007
0.010
0.000
0.015
0.007
0.005
0.015
0.002
0.010
0.012
-0.005
0.005
0.010
0.005
0.007
0.012
0.007
0.012
0.002
0.010
0.015
0.007
0.015
0.012
0.002
0.012
0.005
0.005
0.005
0.010
0.007
0.015
0.007
0.012
-0.010
0.007
0.012
0.012
0.007
0.007
0.010
0.012
0.022
-0.005
0.012
0.010
0.002
0.010
0.010
0.010
0.012
0.000
0.017
0.010
0.005
0.012
0.007
0.007
0.005
0.005
0.007
0.010
0.002
0.015
0.007
0.007
0.005
0.010
0.010
0.012
0.010
0.002
0.010
0.010
0.010
0.017
0.007
0.012
0.010
0.007
0.017
0.012
0.012
0.005
0.010
0.012
0.005
0.005
0.010
0.010
0.007
0.002
0.012
0.012
0.000
0.012
0.012
0.005
0.007
0.010
0.010
0.007
0.005
0.012
0.015
0.002
0.012
0.012
0.005
0.007
0.007
0.020
0.000
0.012
0.012
0.007
0.002
0.012
0.010
0.010
0.007
0.012
0.007
0.005
0.010
0.007
0.005
0.007
0.005
0.017
0.005
0.005
0.015
0.007
0.005
0.012
0.010
0.012
0.005
0.007
0.012
0.007
0.007
0.015
0.005
0.012
0.000
0.012
0.017
0.002
0.012
0.010
0.010
0.017
0.005
0.010
0.005
0.007
0.010
0.005
0.007
0.007
0.010
0.012
0.005
0.010
0.010
0.002
0.010
0.007
0.007
0.010
0.000
0.010
0.010
0.010
0.007
0.007
0.010
0.015
0.007
0.012
0.010
0.007
0.005
0.005
0.012
0.005
0.010
0.017
0.007
0.005
0.007
0.010
0.015
0.002
0.015
0.005
0.007
0.007
0.012
0.010
0.005
0.010
0.002
0.005
0.010
0.007
0.010
0.005
0.002
0.015
0.007
0.002
0.012
0.007
0.007
0.005
0.012
0.000
0.010
0.015
0.010
0.002
0.012
0.010
0.017
0.005
0.010
0.007
0.015
0.010
0.012
0.007
0.007
0.002
0.015
0.007
0.007
0.015
0.007
0.000
0.012
0.012
0.005
0.010
0.015
0.010
0.010
0.010
0.012
0.007
0.000
0.012
0.010
0.007
0.010
0.010
0.007
0.007
0.007
0.012
0.007
0.007
0.007
0.010
0.005
0.010
0.010
0.012
0.005
0.012
0.010
0.012
0.005
0.012
0.012
0.010
0.007
0.017
0.005
0.012
0.002
0.015
0.010
0.007
0.007
0.010
0.005
0.017
0.007
0.002
0.012
0.007
0.010
0.015
0.002
0.012
0.010
0.010
0.010
0.007
0.007
0.002
0.012
0.010
0.005
0.007
0.007
0.005
0.010
0.010
0.010
0.007
0.005
0.010
0.010
0.007
0.015
0.007
0.007
0.007
0.007
0.015
0.010
0.007
0.010
0.010
0.007
0.007
0.010
0.005
0.012
0.000
0.007
0.010
0.002
0.010
0.012
0.007
0.015
0.000
0.007
0.010
0.007
0.007
0.012
0.005
0.007
0.012
0.007
0.010
0.007
0.010
0.015
0.002
0.010
0.012
0.005
0.010
0.007
0.012
0.005
0.010
0.007
0.010
0.002
0.012
0.007
0.010
0.000
0.012
0.010
0.010
0.012
0.010
0.005
0.012
0.007
0.015
0.005
0.000
0.010
0.005
0.002
0.017
0.007
0.007
0.007
0.012
0.012
0.002
0.015
0.007
0.010
0.010
0.012
0.012
0.012
0.007
0.002
0.007
0.012
0.007
0.012
0.010
0.010
0.007
0.012
0.005
0.015
0.007
0.015
0.007
0.007
0.007
0.017
0.002
0.010
0.012
0.007
0.010
0.010
0.007
0.007
0.015
0.000
0.012
0.005
0.010
0.010
0.007
0.010
0.005
0.010
0.012
0.000
0.007
0.010
0.007
0.012
0.005
0.015
0.012
0.005
0.007
0.012
0.005
0.015
0.000
0.007
0.024
0.005
0.012
0.015
0.002
0.007
0.012
0.007
0.012
0.005
0.017
0.002
0.012
0.005
0.012
0.005
0.012
0.005
0.010
0.010
0.010
0.000
0.022
0.002
0.015
0.000
0.015
0.007
0.007
0.010
0.012
0.005
0.005
0.012
0.007
0.010
0.010
0.010
0.010
0.005
0.010
0.015
0.007
0.010
0.007
0.007
0.012
0.010
0.015
0.007
0.012
0.010
0.007
0.007
0.015
0.007
0.002
0.012
0.015
0.007
0.005
0.012
0.010
0.010
0.007
0.010
0.005
0.012
0.010
0.017
0.007
0.010
0.007
0.010
0.002
0.012
0.017
0.005
0.010
0.012
0.007
0.012
0.007
0.010
0.002
0.005
0.010
0.010
0.005
0.012
0.002
0.010
0.012
0.005
0.015
0.010
0.002
0.012
0.007
0.012
0.012
0.002
0.007
0.012
0.010
0.012
0.005
0.012
0.010
0.007
0.007
0.012
0.007
0.007
0.002
0.017
0.007
0.007
0.007
0.015
0.005
0.007
0.012
0.007
0.010
0.002
0.010
0.007
0.010
0.012
0.012
0.005
0.010
0.007
0.007
0.005
0.010
0.012
0.007
-0.002
0.012
0.005
0.007
0.007
0.012
0.012
-0.002
0.007
0.012
0.000
0.007
0.010
0.012
0.010
0.002
0.010
0.015
0.005
0.007
0.010
0.010
0.007
0.010
0.010
0.002
0.007
0.015
0.007
0.010
0.005
0.012
0.010
0.010
0.002
0.005
0.010
0.010
0.002
0.012
0.005
0.007
0.007
0.005
0.012
0.007
0.007
0.012
0.000
0.012
0.010
0.007
0.020
0.002
0.010
0.012
0.002
0.015
0.002
0.005
0.012
0.005
0.007
0.015
0.007
0.005
0.010
0.005
0.015
0.005
0.010
0.010
0.010
0.005
0.012
0.002
0.010
0.010
0.010
0.007
0.005
0.005
0.017
0.005
0.015
0.012
0.010
0.010
0.007
0.010
0.015
0.005
0.012
0.015
0.007
0.010
0.005
0.010
0.005
0.007
0.015
0.000
0.007
0.012
0.007
0.015
0.002
0.015
0.012
0.012
0.002
0.015
0.005
0.005
0.015
0.005
0.012
0.007
0.007
0.005
0.007
0.007
0.012
0.005
0.015
0.005
0.007
0.007
0.010
0.010
0.015
0.002
0.012
0.002
0.012
0.012
0.012
0.010
0.002
0.012
0.012
0.005
0.010
0.010
0.010
0.005
0.007
0.012
0.010
0.002
0.012
0.007
0.010
0.007
0.010
0.015
0.005
0.012
0.015
0.002
0.010
0.007
0.010
0.007
0.007
0.015
0.007
0.012
0.010
0.005
0.010
0.005
0.010
0.005
0.012
0.015
0.007
0.002
0.017
0.005
0.005
0.002
0.015
0.005
0.007
0.012
0.007
0.007
0.010
0.012
0.005
0.010
0.012
0.017
0.005
0.012
0.012
0.012
0.002
0.010
0.010
0.005
0.007
0.015
0.010
0.010
0.007
0.010
0.010
0.005
0.012
0.010
0.010
0.010
0.005
0.012
0.010
0.002
0.017
0.005
0.007
0.007
0.005
0.012
0.005
0.007
0.007
-0.002
0.012
0.010
0.005
0.015
0.000
0.010
0.010
0.007
0.015
0.005
0.002
0.010
0.010
0.010
0.010
0.007
0.007
0.010
0.017
0.007
0.010
0.010
0.010
0.010
0.000
0.012
0.007
0.007
0.015
0.007
0.007
0.007
0.005
0.015
0.005
0.007
0.007
0.007
0.010
0.010
0.007
0.010
0.010
0.010
0.012
0.010
0.010
0.010
0.007
0.010
0.010
0.010
0.007
0.007
0.005
0.010
0.005
0.015
0.010
0.010
0.005
0.007
0.007
0.017
0.002
0.010
0.010
0.010
0.002
0.012
0.012
0.010
0.010
0.005
0.007
0.007
0.002
0.012
0.010
0.005
0.007
0.000
0.010
0.012
0.012
0.010
0.007
0.002
0.010
0.010
0.010
0.012
0.007
0.002
0.002
0.012
0.007
0.010
0.012
0.015
0.005
0.010
0.010
0.015
0.005
0.010
0.012
0.002
0.005
0.012
0.010
0.005
0.010
0.012
0.010
0.007
0.007
0.017
0.007
0.005
0.015
0.012
0.005
0.007
0.010
0.007
0.007
0.010
0.010
0.017
0.002
0.010
0.012
0.010
0.010
0.012
0.010
0.002
0.012
0.007
0.007
0.007
0.007
0.010
0.005
0.007
0.010
0.002
0.010
0.012
0.005
0.010
0.002
0.012
0.012
0.007
0.010
0.010
0.002
0.015
0.010
0.015
0.007
0.005
0.012
0.010
0.010
0.005
0.015
0.005
0.007
0.007
0.017
-0.002
0.007
0.007
0.007
0.007
0.012
0.007
0.012
0.007
0.010
0.010
0.010
0.010
0.012
0.005
0.015
0.002
0.012
0.010
0.007
0.012
0.010
0.002
0.007
0.017
0.015
0.017
0.010
0.015
0.007
0.012
0.005
0.012
0.007
0.017
0.010
0.005
0.010
0.017
0.000
0.017
0.005
0.010
0.015
0.002
0.010
0.007
0.005
0.010
0.005
0.012
0.010
0.012
0.010
0.010
0.007
0.012
0.002
0.020
0.007
0.012
0.005
0.007
0.007
0.015
0.007
0.007
0.005
0.017
0.000
0.010
0.012
0.007
0.010
0.017
0.010
0.015
0.012
0.015
0.012
0.002
0.012
0.010
0.010
0.005
0.017
0.002
0.017
0.010
0.010
0.005
0.007
0.002
0.012
0.015
0.005
0.010
0.012
0.005
0.007
0.020
0.015
0.000
0.010
0.017
0.015
0.002
0.012
0.015
0.002
0.012
0.015
0.005
0.007
0.012
0.015
0.000
0.015
0.015
-0.002
0.005
0.015
0.017
0.002
0.015
0.005
0.007
0.010
0.010
0.012
0.012
0.010
0.002
0.005
0.015
0.015
0.012
0.017
0.012
0.005
0.010
0.000
0.012
0.012
0.020
0.005
0.015
0.002
0.012
0.010
0.020
0.010
0.007
-0.002
0.007
0.015
0.020
0.005
0.012
0.007
0.005
0.002
0.015
0.010
0.017
0.000
0.020
0.005
0.005
0.017
0.002
0.012
0.010
0.012
0.017
-0.005
0.005
0.017
0.015
0.015
0.010
0.020
0.005
-0.007
0.015
0.017
0.010
0.010
0.015
0.015
-0.002
0.063
-0.012
0.010
0.012
0.012
0.010
0.010
0.005
0.029
0.066
-0.020
0.007
0.012
0.007
0.010
0.000
0.024
0.022
0.054
-0.020
0.012
0.005
0.012
0.005
0.015
0.017
0.010
0.056
-0.010
-0.015
0.020
0.005
0.012
0.020
0.017
0.020
0.068
0.039
-0.027
-0.020
0.017
0.012
0.007
0.012
0.029
0.002
0.066
0.049
-0.017
0.007
0.000
0.015
0.020
0.007
0.027
0.015
0.071
-0.002
-0.007
-0.005
0.020
0.002
0.020
0.005
0.039
-0.005
2.600
2.400
2.385
2.388
2.393
2.395
2.380
2.395
2.378
2.368
2.393
2.385
2.378
2.393
2.378
2.385
2.378
2.383
2.378
2.395
2.385
2.376
2.393
2.390
2.388
2.383
2.398
2.388
2.388
2.393
2.378
2.390
2.395
2.376
2.393
2.393
2.390
2.383
2.398
2.380
2.393
2.385
2.383
2.388
2.390
2.385
2.393
2.378
2.383
2.395
2.383
2.390
2.380
2.395
2.380
2.393
2.380
2.390
2.383
2.388
2.390
2.395
2.380
2.383
2.385
2.390
2.385
2.395
2.380
2.393
2.383
2.385
2.393
2.383
2.395
2.390
2.383
2.385
2.383
2.390
2.380
2.388
2.393
2.373
2.380
2.395
2.378
2.380
2.390
2.385
2.373
2.390
2.383
2.393
2.385
2.380
2.383
2.395
2.376
2.390
2.385
2.385
2.393
2.383
2.383
2.395
2.388
2.380
2.395
2.390
2.378
2.385
2.388
2.385
2.378
2.380
2.393
2.376
2.393
2.385
2.383
2.388
2.385
2.383
2.383
2.395
2.376
2.393
2.378
2.398
2.388
2.378
2.385
2.395
2.388
2.380
2.395
2.388
2.388
2.385
2.385
2.383
2.383
2.380
2.398
2.385
2.388
2.390
2.388
2.378
2.388
2.388
2.388
2.385
2.385
2.376
2.388
2.395
2.383
2.388
2.390
2.388
2.388
2.388
2.383
2.385
2.378
2.388
2.378
2.388
2.385
2.388
2.380
2.395
2.383
2.385
2.390
2.383
2.393
2.388
2.380
2.393
2.380
2.395
2.380
2.383
2.383
2.390
2.385
2.383
2.383
2.383
2.378
2.383
2.388
2.388
2.393
2.378
2.383
2.388
2.395
2.378
2.388
2.390
2.380
2.393
2.383
2.390
2.390
2.380
2.380
2.373
2.385
2.383
2.388
2.388
2.385
2.385
2.383
2.380
2.390
2.376
2.390
2.385
2.385
2.385
2.376
2.385
2.380
2.390
2.378
2.395
2.388
2.388
2.385
2.383
2.378
2.378
2.385
2.388
2.385
2.390
2.388
2.376
2.395
2.390
2.385
2.385
2.390
2.380
2.388
2.390
2.388
2.378
2.393
2.383
2.378
2.385
2.390
2.380
2.385
2.383
2.380
2.385
2.395
2.385
2.378
2.388
2.393
2.378
2.385
2.388
2.383
2.385
2.385
2.383
2.376
2.395
2.385
2.385
2.383
2.393
2.388
2.378
2.388
2.393
2.383
2.388
2.380
2.380
2.398
2.388
2.383
2.378
2.383
2.390
2.378
2.385
2.388
2.383
2.376
2.390
2.378
2.385
2.390
2.385
2.385
2.380
2.398
2.378
2.388
2.385
2.373
2.395
2.388
2.380
2.390
2.388
2.385
2.388
2.380
2.393
2.383
2.378
2.383
2.390
2.388
2.383
2.380
2.385
2.385
2.395
2.380
2.385
2.388
2.378
2.388
2.393
2.385
2.383
2.383
2.390
2.385
2.385
2.388
2.380
2.393
2.380
2.383
2.388
2.393
2.388
2.383
2.383
2.380
2.388
2.388
2.390
2.378
2.393
2.380
2.380
2.376
2.388
2.385
2.380
2.393
2.376
2.385
2.385
2.393
2.383
2.383
2.378
2.385
2.393
2.385
2.383
2.376
2.383
2.383
2.393
2.385
2.376
2.393
2.376
2.390
2.378
2.383
2.380
2.393
2.390
2.376
2.395
2.376
2.388
2.378
2.385
2.378
2.385
2.393
2.383
2.385
2.383
2.385
2.385
2.383
2.388
2.376
2.383
2.393
2.368
2.390
2.390
2.378
2.390
2.388
2.378
2.383
2.393
2.383
2.383
2.393
2.378
2.390
2.385
2.380
2.380
2.388
2.388
2.383
2.393
2.373
2.385
2.378
2.385
2.388
2.385
2.378
2.380
2.383
2.395
2.383
2.388
2.383
2.385
2.380
2.378
2.383
2.393
2.378
2.388
2.383
2.393
2.378
2.393
2.385
2.380
2.390
2.385
2.380
2.388
2.395
2.378
2.393
2.380
2.380
2.393
2.378
2.388
2.388
2.385
2.378
2.388
2.383
2.380
2.390
2.380
2.385
2.383
2.390
2.378
2.378
2.388
2.380
2.385
2.388
2.373
2.383
2.390
2.388
2.385
2.380
2.390
2.388
2.378
2.385
2.385
2.393
2.388
2.380
2.383
2.390
2.388
2.388
2.388
2.378
2.393
2.380
2.383
2.378
2.398
2.385
2.385
2.385
2.376
2.383
2.383
2.390
2.385
2.388
2.385
2.385
2.388
2.378
2.388
2.388
2.395
2.380
2.380
2.390
2.383
2.383
2.385
2.383
2.388
2.378
2.385
2.383
2.385
2.388
2.393
2.378
2.388
2.388
2.383
2.376
2.390
2.385
2.378
2.393
2.383
2.383
2.378
2.393
2.376
2.395
2.388
2.373
2.380
2.380
2.388
2.378
2.390
2.383
2.383
2.380
2.385
2.385
2.388
2.390
2.383
2.388
2.388
2.388
2.390
2.385
2.385
2.383
2.385
2.388
2.380
2.385
2.380
2.390
2.385
2.373
2.390
2.383
2.383
2.388
2.383
2.380
2.395
2.373
2.383
2.383
2.383
2.390
2.378
2.383
2.390
2.376
2.385
2.388
2.383
2.378
2.393
2.376
2.385
2.393
2.385
2.388
2.385
2.395
2.378
2.395
2.385
2.373
2.390
2.388
2.383
2.385
2.383
2.383
2.383
2.376
2.383
2.393
2.376
2.388
2.380
2.380
2.385
2.393
2.376
2.385
2.393
2.385
2.378
2.385
2.395
2.376
2.393
2.385
2.376
2.395
2.388
2.385
2.385
2.385
2.378
2.395
2.388
2.385
2.380
2.383
2.390
2.385
2.385
2.385
2.378
2.388
2.378
2.385
2.383
2.390
2.380
2.383
2.385
2.383
2.385
2.383
2.376
2.385
2.385
2.383
2.393
2.383
2.393
2.385
2.390
2.378
2.388
2.376
2.383
2.383
2.383
2.393
2.383
2.393
2.385
2.388
2.376
2.380
2.385
2.385
2.385
2.383
2.390
2.383
2.388
2.380
2.390
2.380
2.383
2.380
2.385
2.380
2.390
2.378
2.385
2.385
2.383
2.385
2.390
2.383
2.383
2.393
2.388
2.385
2.378
2.393
2.378
2.383
2.385
2.383
2.398
2.380
2.378
2.371
2.390
2.376
2.393
2.376
2.388
2.378
2.393
2.378
2.383
2.393
2.378
2.393
2.388
2.388
2.378
2.393
2.378
2.380
2.393
2.378
2.385
2.390
2.385
2.376
2.388
2.378
2.380
2.395
2.385
2.376
2.393
2.388
2.383
2.385
2.383
2.388
2.385
2.383
2.373
2.388
2.378
2.388
2.373
2.390
2.385
2.378
2.378
2.385
2.388
2.383
2.383
2.385
2.390
2.383
2.385
2.385
2.383
2.380
2.383
2.390
2.378
2.383
2.393
2.388
2.376
2.385
2.380
2.385
2.395
2.383
2.378
2.385
2.385
2.383
2.380
2.390
2.383
2.376
2.390
2.385
2.385
2.378
2.380
2.380
2.383
2.393
2.373
2.390
2.385
2.385
2.380
2.383
2.383
2.385
2.383
2.380
2.385
2.385
2.383
2.385
2.383
2.393
2.378
2.385
2.393
2.383
2.376
2.390
2.376
2.380
2.395
2.388
2.376
2.385
2.393
2.378
2.395
2.383
2.388
2.383
2.385
2.378
2.373
2.390
2.383
2.378
2.390
2.378
2.388
2.383
2.376
2.383
2.385
2.393
2.378
2.390
2.383
2.378
2.393
2.378
2.388
2.376
2.388
2.373
2.378
2.383
2.363
2.393
2.385
2.385
2.378
2.373
2.393
2.380
2.380
2.380
2.393
2.383
2.388
2.376
2.383
2.388
2.380
2.380
2.383
2.383
2.388
2.385
2.376
2.383
2.376
2.376
2.380
2.385
2.390
2.385
2.385
2.373
2.393
2.388
2.380
2.388
2.376
2.388
2.385
2.376
2.380
2.390
2.380
2.383
2.388
2.383
2.385
2.388
2.373
2.378
2.385
2.380
2.388
2.380
2.390
2.383
2.380
2.393
2.388
2.378
2.390
2.385
2.378
2.383
2.385
2.378
2.388
2.388
2.378
2.390
2.380
2.373
2.393
2.385
2.373
2.385
2.388
2.373
2.383
2.378
2.383
2.393
2.378
2.390
2.385
2.376
2.383
2.393
2.380
2.383
2.393
2.376
2.390
2.388
2.380
2.383
2.385
2.373
2.380
2.395
2.378
2.388
2.383
2.380
2.393
2.376
2.383
2.388
2.383
2.385
2.380
2.380
2.380
2.393
2.378
2.390
2.380
2.390
2.378
2.385
2.385
2.378
2.385
2.371
2.385
2.383
2.393
2.385
2.383
2.385
2.385
2.380
2.390
2.378
2.383
2.395
2.378
2.388
2.388
2.383
2.380
2.393
2.378
2.390
2.385
2.385
2.378
2.368
2.380
2.378
2.395
2.373
2.388
2.385
2.383
2.380
2.378
2.388
2.385
2.378
2.390
2.388
2.376
2.385
2.390
2.385
2.388
2.385
2.380
2.393
2.393
2.383
2.380
2.390
2.378
2.385
2.378
2.380
2.383
2.383
2.380
2.380
2.388
2.385
2.385
2.378
2.383
2.383
2.385
2.383
2.388
2.385
2.385
2.385
2.378
2.388
2.388
2.383
2.390
2.385
2.385
2.385
2.385
2.385
2.388
2.383
2.383
2.395
2.390
2.385
2.385
2.390
2.383
2.380
2.385
2.388
2.378
2.388
2.388
2.378
2.383
2.380
2.388
2.376
2.385
2.385
2.383
2.385
2.380
2.383
2.390
2.385
2.383
2.388
2.378
2.393
2.378
2.380
2.388
2.393
2.378
2.390
2.388
2.376
2.388
2.376
2.388
2.380
2.393
2.373
2.390
2.388
2.383
2.385
2.380
2.380
2.380
2.380
2.383
2.388
2.380
2.390
2.378
2.383
2.380
2.383
2.380
2.388
2.380
2.378
2.383
2.373
2.385
2.388
2.383
2.385
2.385
2.393
2.383
2.383
2.393
2.383
2.378
2.390
2.388
2.376
2.385
2.385
2.383
2.388
2.383
2.378
2.388
2.383
2.378
2.378
2.380
2.385
2.383
2.390
2.380
2.378
2.390
2.383
2.380
2.390
2.378
2.383
2.385
2.390
2.378
2.385
2.383
2.383
2.388
2.383
2.393
2.380
2.390
2.388
2.383
2.380
2.388
2.376
2.378
2.388
2.383
2.383
2.380
2.385
2.388
2.385
2.383
2.380
2.380
2.383
2.385
2.388
2.383
2.385
2.378
2.383
2.378
2.380
2.385
2.380
2.383
2.390
2.385
2.380
2.390
2.383
2.390
2.383
2.380
2.388
2.395
2.380
2.385
2.385
2.385
2.383
2.380
2.388
2.385
2.380
2.390
2.385
2.383
2.378
2.380
2.383
2.380
2.383
2.385
2.390
2.380
2.390
2.380
2.385
2.388
2.383
2.390
2.385
2.385
2.380
2.385
2.390
2.388
2.380
2.385
2.393
2.383
2.373
2.398
2.380
2.388
2.380
2.383
2.378
2.383
2.380
2.393
2.380
2.385
2.380
2.385
2.390
2.378
2.380
2.385
2.383
2.388
2.378
2.385
2.380
2.390
2.383
2.395
2.373
2.385
2.390
2.383
2.383
2.383
2.383
2.390
2.378
2.393
2.383
2.383
2.385
2.385
2.385
2.383
2.388
2.380
2.383
2.383
2.388
2.380
2.383
2.378
2.388
2.378
2.385
2.380
2.390
2.383
2.385
2.393
2.388
2.385
2.383
2.383
2.385
2.385
2.388
2.378
2.393
2.385
2.380
2.383
2.390
2.385
2.383
2.385
2.378
2.380
2.378
2.385
2.383
2.390
2.378
2.385
2.385
2.378
2.390
2.385
2.378
2.385
2.390
2.385
2.385
2.385
2.378
2.390
2.388
2.383
2.378
2.390
2.388
2.388
2.383
2.378
2.380
2.383
2.390
2.380
2.390
2.390
2.383
2.388
2.385
2.380
2.385
2.383
2.380
2.383
2.385
2.388
2.388
2.380
2.385
2.378
2.380
2.378
2.388
2.383
2.385
2.380
2.388
2.388
2.380
2.390
2.385
2.383
2.385
2.380
2.390
2.385
2.380
2.385
2.393
2.380
2.393
2.383
2.385
2.388
2.380
2.385
2.378
2.385
2.380
2.378
2.385
2.383
2.380
2.388
2.385
2.383
2.378
2.388
2.383
2.378
2.385
2.388
2.388
2.380
2.388
2.383
2.385
2.388
2.383
2.380
2.390
2.383
2.388
2.385
2.388
2.385
2.383
2.385
2.385
2.380
2.385
2.388
2.385
2.385
2.383
2.388
2.383
2.378
2.383
2.383
2.385
2.385
2.380
2.385
2.378
2.385
2.376
2.385
2.388
2.388
2.378
2.388
2.385
2.388
2.385
2.385
2.388
2.390
2.385
2.385
2.383
2.385
2.388
2.388
2.388
2.383
2.388
2.385
2.380
2.383
2.373
2.385
2.385
2.380
2.385
2.388
2.378
2.388
2.380
2.388
2.383
2.378
2.385
2.383
2.385
2.383
2.383
2.383
2.380
2.388
2.385
2.383
2.390
2.380
2.378
2.388
2.385
2.390
2.388
2.380
2.383
2.388
2.388
2.383
2.388
2.383
2.390
2.380
2.383
2.388
2.388
2.378
2.388
2.383
2.383
2.388
2.385
2.388
2.378
2.383
2.380
2.380
2.383
2.388
2.385
2.380
2.388
2.383
2.388
2.388
2.388
2.388
2.390
2.383
2.385
2.385
2.390
2.388
2.388
2.385
2.383
2.383
2.390
2.383
2.373
2.380
2.390
2.383
2.383
2.383
2.380
2.385
2.383
2.383
2.383
2.385
2.383
2.390
2.388
2.388
2.383
2.383
2.388
2.393
2.383
2.385
2.388
2.383
2.378
2.390
2.388
2.383
2.383
2.385
2.385
2.380
2.388
2.380
2.385
2.380
2.385
2.388
2.388
2.378
2.383
2.385
2.385
2.383
2.383
2.385
2.388
2.383
2.383
2.380
2.380
2.378
2.385
2.388
2.388
2.380
2.383
2.385
2.385
2.390
2.388
2.388
2.388
2.385
2.385
2.390
2.388
2.378
2.385
2.388
2.388
2.385
2.378
2.376
2.385
2.385
2.385
2.383
2.385
2.383
2.385
2.383
2.385
2.385
2.388
2.383
2.385
2.383
2.385
2.380
2.388
2.385
2.385
2.383
2.385
2.380
2.390
2.378
2.383
2.393
2.388
2.383
2.388
2.383
2.388
2.390
2.385
2.383
2.385
2.380
2.385
2.385
2.385
2.385
2.388
2.380
2.385
2.383
2.388
2.383
2.393
2.383
2.378
2.388
2.388
2.385
2.388
2.378
2.383
2.385
2.390
2.385
2.385
2.388
2.385
2.388
2.383
2.388
2.383
2.390
2.390
2.385
2.388
2.385
2.385
2.385
2.383
2.385
2.380
2.388
2.385
2.388
2.388
2.383
2.383
2.385
2.383
2.385
2.385
2.385
2.380
2.383
2.383
2.388
2.380
2.388
2.385
2.390
2.383
2.383
2.388
2.388
2.380
2.385
2.393
2.383
2.385
2.383
2.385
2.388
2.383
2.385
2.383
2.383
2.388
2.383
2.383
2.385
2.380
2.390
2.383
2.380
2.388
2.380
2.383
2.388
2.383
2.380
2.380
2.390
2.385
2.383
2.383
2.388
2.385
2.383
2.383
2.390
2.390
2.385
2.388
2.393
2.388
2.385
2.388
2.388
2.383
2.388
2.388
2.383
2.390
2.393
2.383
2.383
2.388
2.385
2.388
2.383
2.383
2.383
2.383
2.383
2.390
2.385
2.385
2.385
2.385
2.385
2.385
2.383
2.383
2.390
2.388
2.385
2.385
2.385
2.383
2.371
2.385
2.388
2.388
2.388
2.385
2.388
2.385
2.383
2.388
2.390
2.385
2.388
2.383
2.383
2.383
2.383
2.383
2.380
2.385
2.388
2.383
2.380
2.378
2.390
2.388
2.385
2.390
2.385
2.383
2.385
2.393
2.383
2.385
2.385
2.383
2.385
2.385
2.383
2.385
2.385
2.388
2.388
2.385
2.388
2.385
2.385
2.385
2.383
2.378
2.388
2.390
2.383
2.385
2.383
2.388
2.383
2.385
2.388
2.380
2.383
2.388
2.383
2.388
2.380
2.388
2.388
2.385
2.385
2.390
2.393
2.385
2.385
2.390
2.390
2.390
2.385
2.380
2.385
2.388
2.388
2.383
2.388
2.383
2.385
2.385
2.385
2.385
2.383
2.380
2.385
2.385
2.390
2.388
2.388
2.385
2.388
2.388
2.388
2.380
2.380
2.390
2.388
2.390
2.388
2.385
2.385
2.388
2.385
2.388
2.388
2.385
2.388
2.388
2.388
2.393
2.390
2.388
2.388
2.388
2.378
2.385
2.373
2.378
2.383
2.388
2.385
2.388
2.383
2.388
2.385
2.383
2.388
2.385
2.388
2.390
2.385
2.390
2.388
2.388
2.390
2.393
2.388
2.385
2.388
2.388
2.390
2.385
2.383
2.380
2.395
2.393
-0.015
-0.007
0.007
0.007
0.012
0.007
0.005
0.015
0.010
0.012
-0.005
0.010
0.015
0.005
0.002
0.012
0.007
0.012
0.002
0.015
0.007
0.010
0.012
0.010
0.002
0.012
0.007
0.005
0.012
0.007
0.010
0.002
0.010
0.007
0.005
0.005
0.015
0.002
0.010
0.010
0.007
0.010
0.007
0.012
0.007
0.012
0.007
0.007
0.007
0.007
0.005
0.012
0.005
0.012
0.002
0.012
0.007
0.010
0.005
0.015
0.002
0.015
0.005
0.007
0.002
0.010
0.002
0.007
0.022
0.002
0.007
0.012
0.012
0.002
0.007
0.002
0.012
0.007
0.005
0.015
0.007
0.007
0.005
0.012
0.010
0.002
0.010
0.012
0.010
0.007
0.007
0.015
0.007
0.012
0.007
0.010
0.002
0.010
0.015
0.005
0.012
0.015
0.002
0.010
0.007
0.007
0.002
0.007
0.017
0.002
0.010
0.010
0.005
0.007
0.012
0.010
0.012
0.012
0.010
0.010
0.005
0.012
0.017
0.005
0.012
0.007
0.005
0.012
0.002
0.012
0.005
0.005
0.017
0.002
0.007
0.020
0.005
0.010
0.000
0.010
0.012
0.012
0.002
0.015
0.002
0.015
0.007
0.010
0.012
0.010
0.007
0.002
0.010
0.002
0.007
0.012
0.010
0.002
0.007
0.012
0.007
0.010
0.007
0.012
0.012
0.010
0.005
0.015
0.002
0.010
0.005
0.015
0.007
0.007
0.002
0.012
0.012
0.007
0.002
0.010
0.010
0.010
0.007
0.007
0.007
0.002
0.012
0.007
0.010
0.005
0.005
0.010
0.002
0.010
0.012
0.007
0.010
0.007
0.007
0.012
0.010
0.005
0.010
0.002
0.010
0.005
0.010
0.015
0.007
0.005
0.020
0.010
0.005
0.002
0.007
0.005
0.015
0.007
0.010
0.007
0.002
0.015
0.005
0.007
0.010
0.012
0.010
0.005
0.012
0.005
0.005
0.015
0.010
0.012
0.010
0.002
0.015
0.002
0.010
0.010
0.017
0.010
0.007
0.010
0.005
0.010
0.010
0.005
0.007
0.010
0.005
0.012
0.005
0.012
0.007
0.005
0.010
0.015
0.005
0.015
0.005
0.012
0.005
0.012
0.015
0.005
0.007
0.012
0.007
0.015
0.002
0.015
0.007
0.005
0.012
0.015
0.005
0.010
0.012
0.005
0.010
0.010
0.017
0.000
0.007
0.010
0.007
0.002
0.010
0.015
0.007
0.015
0.010
0.007
0.007
0.010
0.010
0.005
0.010
0.007
0.010
0.002
0.007
0.012
0.010
0.005
0.010
0.005
0.012
0.007
0.005
0.012
0.007
0.010
0.015
0.005
0.010
0.007
0.007
0.017
0.000
0.010
0.007
0.010
0.015
0.007
0.010
0.010
0.005
0.010
0.007
0.010
0.007
0.010
0.010
0.007
0.005
0.012
-0.002
0.007
0.010
0.012
0.005
0.005
0.007
0.017
0.005
0.007
0.012
0.012
0.005
0.007
0.010
0.010
0.010
0.010
0.012
0.007
0.002
0.012
0.010
0.007
0.015
0.007
0.015
0.007
0.015
0.010
0.005
0.005
0.007
0.007
0.010
0.010
0.002
0.010
0.002
0.002
0.012
0.010
0.010
0.010
0.010
0.010
0.010
0.007
0.010
0.007
0.007
0.000
0.007
0.010
0.010
0.005
0.012
0.005
0.010
0.007
0.005
0.012
0.010
0.005
0.012
0.002
0.012
0.007
0.005
0.015
0.007
0.002
0.007
0.007
0.012
0.000
0.007
0.012
0.010
0.012
0.007
0.010
0.015
0.000
0.010
0.015
0.002
0.007
0.007
0.010
0.007
0.010
0.007
0.005
0.010
0.005
0.010
0.015
0.005
0.012
0.012
0.007
0.010
0.005
0.012
0.005
0.007
0.015
0.005
0.005
0.015
0.002
0.015
0.002
0.010
0.010
0.010
0.007
0.012
0.012
0.005
0.010
0.007
0.007
0.007
0.007
0.012
0.010
0.007
0.012
0.007
0.010
0.010
0.010
0.010
0.007
0.007
0.015
0.007
0.010
0.010
0.010
0.007
0.010
0.010
0.007
0.012
0.012
0.010
0.007
0.007
0.007
0.005
0.007
0.012
0.007
0.005
0.007
0.007
0.010
0.007
0.012
0.012
0.007
0.005
0.012
0.010
0.012
0.007
0.010
0.010
0.005
0.007
0.017
0.007
0.010
0.007
0.017
0.007
0.002
0.012
0.012
0.010
0.012
0.007
0.010
0.010
0.010
0.012
0.012
0.005
0.012
0.002
0.010
0.007
0.007
0.010
0.010
0.007
0.017
0.007
0.010
0.007
0.012
0.012
0.010
0.005
0.012
0.010
0.010
0.007
0.012
0.010
0.005
0.005
0.017
0.007
0.010
0.010
0.010
0.007
0.005
0.015
0.015
0.010
0.007
0.007
0.010
0.007
0.010
0.010
0.010
0.007
0.005
0.012
0.010
0.005
0.010
0.010
0.007
0.007
0.007
0.017
0.010
0.005
0.015
0.010
0.007
0.012
0.010
0.015
0.010
0.005
0.010
0.012
0.005
0.015
0.005
0.005
0.015
0.002
0.012
0.010
0.000
0.012
0.007
0.007
0.010
0.015
0.012
0.010
0.010
0.012
0.007
0.010
0.015
0.005
0.015
0.005
0.007
0.012
0.005
0.007
0.005
0.007
0.010
0.007
0.010
0.012
0.002
0.010
0.007
0.010
0.012
0.007
0.010
0.012
0.005
0.010
0.005
0.010
0.005
0.007
0.012
0.012
0.002
0.015
0.002
0.015
0.005
0.010
0.012
0.010
0.007
0.002
0.010
0.002
0.007
0.017
0.010
0.005
0.017
0.012
0.010
0.012
0.005
0.007
0.010
0.002
0.012
0.012
0.005
0.015
0.005
0.012
0.012
0.007
0.010
0.007
0.002
0.007
0.010
0.017
0.007
0.007
0.012
0.007
0.010
0.005
0.012
0.002
0.007
0.010
0.012
0.005
0.010
0.007
0.017
0.007
0.005
0.007
0.012
0.002
0.012
0.007
0.007
0.010
0.007
0.007
0.015
0.007
0.012
0.005
0.010
0.012
0.007
0.010
0.010
0.010
0.010
0.000
0.012
0.015
0.007
0.015
0.007
0.007
0.012
0.005
0.015
0.002
0.012
0.007
0.010
0.010
0.012
0.002
0.012
0.017
0.012
0.005
0.010
0.012
0.007
0.005
0.007
0.002
0.012
0.005
0.012
0.012
0.005
0.007
0.010
0.012
0.012
0.005
0.017
0.010
0.000
0.010
0.012
0.010
0.007
0.002
0.010
0.007
0.005
0.010
0.012
0.005
0.010
0.010
0.005
0.005
0.005
0.010
0.010
0.005
0.015
0.010
-0.002
0.005
0.010
0.012
0.007
0.002
0.010
0.012
0.005
0.010
0.017
0.010
0.002
0.012
0.010
0.010
0.002
0.012
0.007
0.007
0.010
0.010
0.005
0.007
0.012
0.007
0.002
0.002
0.010
0.010
0.002
0.015
0.015
0.002
0.012
0.010
0.005
0.012
0.007
0.002
0.010
0.015
0.010
0.007
0.005
0.012
0.005
0.010
0.010
0.005
0.012
0.010
0.002
0.015
0.007
0.015
0.010
0.005
0.017
0.005
0.010
0.005
0.010
0.005
0.012
0.005
0.010
0.007
0.012
0.002
0.015
0.005
0.015
0.002
0.012
0.005
0.015
0.005
0.010
0.005
0.005
0.010
0.015
0.002
0.007
0.007
0.012
0.010
0.010
0.012
0.007
0.015
0.007
0.007
0.015
0.005
0.005
0.010
0.007
0.005
0.007
0.012
0.005
0.005
0.007
0.015
0.005
0.007
0.012
0.015
0.000
0.010
0.012
0.007
0.012
0.012
0.015
0.005
0.012
0.015
0.007
0.005
0.015
0.010
0.002
0.007
0.017
0.005
0.012
0.012
0.007
0.010
0.010
0.007
0.012
0.005
0.015
0.010
0.005
0.010
0.007
0.007
0.012
0.002
0.007
0.012
0.002
0.012
0.005
0.010
0.015
-0.002
0.005
0.015
0.007
0.012
0.002
0.015
0.005
0.007
0.007
0.010
0.012
0.017
0.005
0.005
0.010
0.015
0.010
0.010
0.007
0.005
0.005
0.010
0.012
0.007
0.005
0.007
0.005
0.007
0.007
0.015
0.010
0.002
0.007
0.010
0.007
0.012
0.010
0.005
0.012
0.007
0.005
0.010
0.010
0.012
0.007
0.005
0.017
0.005
0.010
0.015
0.010
0.015
0.010
0.005
0.012
0.005
0.015
0.005
0.012
0.007
0.010
0.005
0.012
0.005
0.007
0.010
0.020
0.007
0.010
0.007
0.012
0.000
0.012
0.015
0.012
0.002
0.007
0.010
0.015
0.005
0.012
0.000
0.015
0.007
0.005
0.012
0.007
0.005
0.015
0.007
0.005
0.010
0.007
0.015
0.007
0.007
0.012
0.007
0.012
0.015
0.007
0.007
0.007
0.012
0.015
0.010
0.015
0.002
0.010
0.010
0.007
0.012
0.005
0.012
0.002
0.012
0.010
0.007
0.005
0.012
0.002
0.017
0.007
0.022
0.010
0.007
0.005
0.015
0.005
0.005
0.010
0.015
0.005
0.010
0.010
0.010
0.007
0.015
0.012
0.002
0.010
0.012
0.010
0.007
0.005
0.007
0.015
0.005
0.002
0.010
0.005
0.007
0.010
0.007
0.007
0.007
0.012
0.007
0.002
0.012
0.012
0.005
0.015
0.010
0.015
0.005
0.012
0.010
0.007
0.000
0.010
0.000
0.002
0.010
0.017
0.007
0.005
0.010
0.012
0.007
0.012
0.007
0.010
0.012
0.007
0.012
0.010
0.007
0.015
0.007
0.010
0.010
0.007
0.012
0.007
0.010
0.012
0.012
0.010
0.010
0.005
0.015
0.002
0.010
0.012
0.010
0.007
0.007
0.005
0.007
0.015
0.010
0.010
0.007
0.007
0.010
0.010
0.010
0.012
0.015
0.012
0.010
0.010
0.010
0.010
0.010
0.012
0.002
0.012
0.010
0.010
0.007
0.010
0.007
0.007
0.007
0.010
0.005
0.007
0.007
0.010
0.007
0.007
0.010
0.007
0.002
0.012
0.010
0.012
0.007
0.012
0.010
0.005
0.012
0.010
0.005
0.010
0.007
0.015
0.007
0.002
0.017
0.007
0.005
0.015
0.007
0.007
0.010
0.015
0.005
0.022
0.010
0.005
0.010
0.015
0.012
0.010
0.007
0.017
0.002
0.005
0.015
0.005
0.012
0.005
0.002
0.012
0.010
0.005
0.012
0.007
0.015
0.005
0.015
0.010
0.005
0.005
0.017
0.002
0.007
0.007
0.010
0.012
0.000
0.005
0.015
0.010
0.005
0.015
0.012
0.010
0.000
0.005
0.005
0.010
0.002
0.010
0.015
0.005
0.017
0.007
0.010
0.012
0.010
0.010
0.005
0.007
0.015
0.007
0.010
0.012
0.005
0.010
0.002
0.012
0.010
0.010
0.015
0.010
0.000
0.015
0.007
0.010
0.015
0.007
0.007
0.012
0.007
0.005
0.007
0.005
0.005
0.010
0.010
0.012
0.005
0.005
0.010
0.007
0.007
0.012
0.010
0.010
0.002
0.010
0.012
0.005
0.000
0.015
0.005
0.010
0.010
0.007
0.012
0.002
0.010
0.007
0.007
0.012
0.010
0.007
0.012
0.005
0.010
0.005
0.007
0.017
0.005
0.005
0.012
0.000
0.012
0.015
0.012
0.012
0.010
0.010
0.017
0.002
0.015
0.005
0.012
0.007
0.005
0.007
0.007
0.010
0.005
0.007
0.020
0.002
0.007
0.012
0.010
0.007
0.005
0.007
0.010
0.007
0.002
0.015
0.010
0.005
0.007
0.015
0.015
0.010
0.012
0.000
0.012
0.002
0.015
0.007
0.007
0.012
0.010
0.007
0.012
0.010
0.005
0.010
0.012
0.020
0.010
0.000
0.012
0.005
0.002
0.012
0.010
0.007
0.007
0.005
0.010
0.002
0.010
0.012
0.007
0.007
0.012
0.005
0.012
0.007
0.007
0.010
0.007
0.010
0.007
0.000
0.015
0.005
0.010
0.012
0.005
0.010
0.005
0.007
0.002
0.012
0.015
0.010
0.002
0.015
0.005
0.015
0.015
0.012
0.002
0.010
0.005
0.005
0.000
0.010
0.005
0.017
0.007
0.007
0.002
0.010
0.012
0.010
0.002
0.012
0.007
0.010
0.012
0.010
0.010
0.007
0.010
0.012
0.005
0.010
0.012
0.002
0.010
0.007
0.012
0.015
0.000
0.015
0.015
0.002
0.007
0.010
0.012
0.002
0.012
0.007
0.010
0.012
0.007
0.010
0.012
0.007
0.010
0.002
0.015
0.005
0.002
0.012
0.012
0.002
0.012
0.010
0.002
0.010
0.012
0.010
0.007
0.007
0.010
0.005
0.012
0.007
0.012
0.007
0.002
0.012
0.015
0.005
0.017
0.007
0.015
-0.007
0.015
0.015
0.000
0.010
0.017
0.007
0.010
0.039
-0.017
0.007
0.015
0.012
0.007
0.007
0.012
0.010
0.034
-0.010
0.007
0.020
0.002
0.010
0.015
0.007
0.000
0.032
-0.010
0.017
0.012
0.005
0.000
0.010
0.007
0.015
0.037
-0.015
0.012
0.002
0.012
0.010
0.005
0.005
0.015
0.039
-0.012
0.005
0.015
0.005
0.005
0.015
0.012
0.017
0.044
-0.017
0.010
0.007
0.010
0.010
0.015
0.002
0.007
0.039
-0.020
0.000
0.012
0.007
0.000
0.015
0.010
0.012
0.044
-0.022
0.010
0.007
0.015
0.007
0.017
0.015
0.005
0.039
-0.017
0.000
0.010
0.012
0.012
0.007
0.005
0.017
0.044
-0.027
0.007
0.017
0.010
0.002
0.005
0.015
0.012
0.041
-0.017
0.010
0.015
0.015
0.002
0.010
0.020
0.015
0.044
-0.024
-0.002
0.012
0.015
0.010
0.012
0.000
0.012
0.044
-0.020
0.020
0.005
0.015
0.012
0.002
0.015
0.002
0.046
-0.017
-0.007
0.012
0.022
0.007
0.002
0.012
0.017
0.049
0.032
-0.032
0.005
0.000
0.012
0.012
0.005
0.015
0.022
0.044
-0.022
0.002
0.022
0.015
-0.005
0.010
0.022
0.002
0.051
-0.017
0.010
0.000
0.000
0.022
0.027
0.002
0.022
0.059
-0.024
-0.005
0.012
0.022
0.010
0.007
0.020
0.015
0.049
-0.027
0.017
0.012
0.005
-0.005
0.015
0.002
0.022
0.061
-0.007
0.007
-0.005
-0.002
0.015
0.017
0.024
0.024
0.068
-0.015
-0.015
0.015
0.017
0.020
0.015
0.015
0.022
0.063
0.046
-0.027
0.002
0.015
0.005
0.010
0.027
0.017
0.012
0.061
-0.020
-0.010
0.000
0.017
0.022
0.012
0.022
0.029
0.068
0.061
-0.027
-0.002
0.017
0.015
0.017
0.017
0.029
0.027
0.066
-0.015
0.010
0.005
0.012
0.015
0.027
0.015
0.024
0.071
-0.007
-0.015
0.020
0.005
0.020
0.005
0.020
0.044
2.334
2.393
2.388
2.393
2.380
2.398
2.380
2.393
2.371
2.385
2.393
2.383
2.388
2.393
2.380
2.380
2.388
2.390
2.376
2.388
2.393
2.378
2.388
2.385
2.390
2.383
2.395
2.383
2.376
2.400
2.388
2.385
2.380
2.383
2.398
2.383
2.398
2.385
2.395
2.393
2.383
2.388
2.393
2.380
2.398
2.388
2.388
2.376
2.388
2.388
2.376
2.378
2.388
2.388
2.388
2.388
2.385
2.388
2.390
2.388
2.388
2.390
2.388
2.385
2.388
2.388
2.383
2.393
2.385
2.383
2.390
2.390
2.388
2.390
2.385
2.393
2.395
2.380
2.388
2.388
2.395
2.378
2.398
2.383
2.390
2.380
2.388
2.388
2.390
2.388
2.385
2.383
2.388
2.388
2.390
2.390
2.383
2.393
2.390
2.380
2.388
2.385
2.383
2.388
2.388
2.383
2.383
2.388
2.390
2.393
2.380
2.390
2.388
2.380
2.388
2.390
2.380
2.383
2.390
2.385
2.390
2.380
2.388
2.383
2.390
2.385
2.383
2.388
2.371
2.385
2.390
2.383
2.385
2.395
2.378
2.393
2.383
2.390
2.378
2.390
2.395
2.388
2.385
2.380
2.388
2.388
2.398
2.383
2.393
2.388
2.383
2.376
2.385
2.388
2.388
2.378
2.388
2.390
2.383
2.395
2.388
2.385
2.390
2.388
2.385
2.383
2.385
2.393
2.388
2.388
2.380
2.393
2.390
2.383
2.393
2.376
2.388
2.385
2.378
2.383
2.388
2.388
2.388
2.398
2.383
2.390
2.388
2.376
2.393
2.388
2.385
2.388
2.378
2.383
2.390
2.390
2.376
2.393
2.388
2.383
2.383
2.376
2.388
2.385
2.395
2.373
2.395
2.388
2.388
2.395
2.383
2.388
2.385
2.378
2.390
2.385
2.385
2.388
2.378
2.393
2.390
2.388
2.380
2.398
2.388
2.380
2.395
2.380
2.390
2.395
2.383
2.385
2.385
2.383
2.390
2.380
2.380
2.390
2.380
2.393
2.388
2.378
2.385
2.388
2.383
2.383
2.388
2.385
2.393
2.383
2.390
2.388
2.383
2.388
2.390
2.390
2.378
2.385
2.388
2.390
2.380
2.390
2.383
2.385
2.393
2.385
2.385
2.383
2.383
2.385
2.383
2.393
2.378
2.388
2.383
2.371
2.383
2.393
2.380
2.380
2.393
2.385
2.380
2.388
2.380
2.383
2.388
2.388
2.383
2.398
2.383
2.390
2.385
2.385
2.393
2.388
2.388
2.388
2.373
2.383
2.393
2.385
2.376
2.390
2.385
2.388
2.376
2.385
2.383
2.393
2.388
2.378
2.390
2.385
2.390
2.388
2.380
2.388
2.398
2.390
2.380
2.398
2.383
2.390
2.378
2.395
2.385
2.380
2.385
2.388
2.380
2.388
2.393
2.388
2.385
2.383
2.393
2.383
2.380
2.390
2.378
2.395
2.388
2.376
2.383
2.380
2.383
2.385
2.393
2.388
2.380
2.385
2.378
2.383
2.383
2.395
2.378
2.398
2.380
2.393
2.388
2.378
2.388
2.393
2.385
2.388
2.378
2.383
2.393
2.388
2.383
2.378
2.388
2.378
2.390
2.378
2.383
2.393
2.376
2.390
2.383
2.388
2.378
2.393
2.380
2.385
2.395
2.378
2.385
2.395
2.385
2.378
2.388
2.395
2.383
2.380
2.393
2.383
2.385
2.383
2.380
2.388
2.378
2.385
2.383
2.388
2.393
2.376
2.385
2.390
2.383
2.385
2.376
2.393
2.378
2.390
2.385
2.376
2.385
2.393
2.383
2.371
2.395
2.380
2.393
2.390
2.388
2.378
2.388
2.385
2.390
2.380
2.380
2.388
2.395
2.388
2.385
2.385
2.380
2.385
2.383
2.390
2.388
2.380
2.380
2.388
2.380
2.388
2.378
2.383
2.390
2.380
2.383
2.388
2.380
2.388
2.390
2.380
2.380
2.390
2.380
2.390
2.385
2.388
2.385
2.388
2.385
2.388
2.388
2.388
2.395
2.385
2.390
2.380
2.388
2.383
2.390
2.385
2.385
2.385
2.380
2.385
2.388
2.380
2.385
2.395
2.390
2.383
2.383
2.390
2.385
2.383
2.390
2.388
2.380
2.383
2.388
2.380
2.393
2.380
2.385
2.390
2.380
2.383
2.393
2.383
2.380
2.385
2.393
2.378
2.388
2.385
2.383
2.385
2.385
2.388
2.376
2.393
2.385
2.388
2.378
2.393
2.383
2.380
2.385
2.378
2.395
2.385
2.388
2.378
2.388
2.388
2.390
2.388
2.388
2.383
2.388
2.388
2.388
2.388
2.385
2.388
2.393
2.373
2.388
2.385
2.388
2.388
2.383
2.385
2.378
2.385
2.393
2.390
2.385
2.385
2.385
2.390
2.385
2.383
2.373
2.385
2.393
2.383
2.388
2.380
2.395
2.378
2.380
2.390
2.373
2.390
2.393
2.383
2.390
2.388
2.383
2.388
2.385
2.385
2.383
2.388
2.383
2.385
2.378
2.390
2.388
2.388
2.376
2.388
2.380
2.380
2.380
2.373
2.388
2.388
2.390
2.380
2.380
2.385
2.388
2.383
2.393
2.383
2.380
2.388
2.388
2.385
2.388
2.383
2.380
2.388
2.388
2.390
2.385
2.385
2.385
2.378
2.388
2.385
2.385
2.378
2.393
2.383
2.385
2.383
2.383
2.388
2.385
2.388
2.378
2.385
2.393
2.376
2.383
2.393
2.388
2.388
2.390
2.388
2.378
2.398
2.378
2.378
2.395
2.385
2.380
2.393
2.390
2.383
2.385
2.388
2.383
2.383
2.376
2.380
2.385
2.383
2.388
2.385
2.378
2.385
2.393
2.378
2.388
2.378
2.390
2.383
2.383
2.380
2.373
2.395
2.385
2.385
2.378
2.383
2.390
2.390
2.385
2.393
2.388
2.388
2.388
2.383
2.388
2.383
2.393
2.378
2.395
2.390
2.385
2.380
2.388
2.373
2.380
2.390
2.388
2.378
2.393
2.378
2.388
2.378
2.383
2.385
2.393
2.388
2.376
2.393
2.383
2.388
2.380
2.393
2.378
2.393
2.390
2.378
2.385
2.390
2.373
2.380
2.395
2.378
2.385
2.390
2.385
2.383
2.380
2.385
2.393
2.385
2.383
2.376
2.393
2.376
2.385
2.388
2.376
2.390
2.378
2.393
2.376
2.390
2.378
2.388
2.390
2.378
2.393
2.378
2.390
2.378
2.393
2.388
2.380
2.390
2.378
2.393
2.378
2.390
2.376
2.393
2.383
2.385
2.390
2.380
2.390
2.373
2.385
2.378
2.383
2.395
2.376
2.385
2.383
2.380
2.390
2.385
2.378
2.390
2.385
2.383
2.373
2.385
2.385
2.393
2.385
2.378
2.395
2.378
2.383
2.390
2.380
2.378
2.398
2.388
2.388
2.383
2.380
2.383
2.385
2.388
2.383
2.388
2.385
2.378
2.383
2.383
2.390
2.383
2.380
2.390
2.388
2.385
2.378
2.388
2.385
2.385
2.393
2.380
2.383
2.385
2.385
2.385
2.388
2.385
2.378
2.388
2.385
2.395
2.385
2.385
2.383
2.388
2.385
2.385
2.390
2.388
2.385
2.388
2.378
2.395
2.383
2.378
2.383
2.388
2.393
2.383
2.385
2.385
2.376
2.393
2.380
2.390
2.378
2.390
2.395
2.385
2.388
2.378
2.388
2.385
2.390
2.380
2.390
2.385
2.383
2.385
2.383
2.378
2.380
2.385
2.385
2.393
2.378
2.393
2.380
2.393
2.383
2.393
2.383
2.376
2.393
2.378
2.385
2.380
2.383
2.380
2.385
2.393
2.376
2.388
2.385
2.385
2.383
2.390
2.393
2.378
2.390
2.385
2.388
2.390
2.380
2.385
2.388
2.393
2.378
2.393
2.388
2.376
2.388
2.393
2.380
2.378
2.393
2.376
2.383
2.390
2.383
2.378
2.383
2.390
2.373
2.395
2.378
2.388
2.385
2.390
2.378
2.383
2.383
2.393
2.385
2.385
2.388
2.383
2.390
2.378
2.388
2.380
2.390
2.388
2.385
2.383
2.385
2.390
2.383
2.380
2.385
2.393
2.388
2.378
2.388
2.380
2.383
2.385
2.385
2.373
2.393
2.385
2.383
2.383
2.383
2.388
2.385
2.378
2.383
2.395
2.376
2.380
2.388
2.395
2.385
2.385
2.383
2.395
2.388
2.380
2.390
2.390
2.383
2.385
2.378
2.393
2.385
2.383
2.383
2.388
2.380
2.385
2.376
2.373
2.390
2.378
2.380
2.390
2.380
2.388
2.385
2.376
2.383
2.390
2.378
2.383
2.388
2.390
2.388
2.390
2.378
2.385
2.390
2.378
2.388
2.378
2.383
2.383
2.390
2.390
2.378
2.388
2.380
2.388
2.378
2.383
2.388
2.385
2.390
2.383
2.380
2.388
2.385
2.378
2.393
2.393
2.380
2.383
2.385
2.388
2.390
2.380
2.373
2.388
2.390
2.385
2.393
2.385
2.378
2.385
2.383
2.390
2.383
2.393
2.383
2.393
2.388
2.388
2.378
2.383
2.385
2.383
2.385
2.385
2.385
2.380
2.380
2.378
2.388
2.380
2.390
2.385
2.385
2.383
2.385
2.390
2.385
2.383
2.383
2.393
2.385
2.376
2.390
2.378
2.388
2.380
2.385
2.383
2.393
2.385
2.373
2.398
2.383
2.383
2.393
2.380
2.383
2.398
2.380
2.388
2.380
2.385
2.380
2.388
2.380
2.385
2.380
2.385
2.380
2.388
2.380
2.383
2.373
2.383
2.380
2.390
2.380
2.385
2.383
2.380
2.385
2.388
2.388
2.385
2.385
2.388
2.378
2.390
2.393
2.385
2.388
2.388
2.388
2.385
2.388
2.380
2.378
2.388
2.388
2.385
2.388
2.385
2.383
2.378
2.388
2.383
2.388
2.388
2.383
2.385
2.376
2.390
2.383
2.380
2.388
2.388
2.378
2.390
2.388
2.378
2.388
2.385
2.390
2.385
2.385
2.380
2.388
2.390
2.383
2.385
2.383
2.390
2.385
2.380
2.385
2.380
2.383
2.388
2.378
2.383
2.393
2.383
2.388
2.383
2.380
2.390
2.383
2.378
2.390
2.388
2.393
2.380
2.383
2.383
2.383
2.390
2.380
2.390
2.383
2.388
2.383
2.385
2.388
2.385
2.385
2.385
2.385
2.390
2.380
2.390
2.388
2.388
2.388
2.383
2.383
2.385
2.388
2.385
2.388
2.385
2.385
2.380
2.385
2.393
2.388
2.388
2.388
2.383
2.385
2.383
2.393
2.380
2.393
2.388
2.388
2.378
2.388
2.385
2.380
2.388
2.383
2.390
2.388
2.390
2.385
2.385
2.380
2.390
2.385
2.388
2.393
2.380
2.393
2.390
2.378
2.380
2.390
2.385
2.380
2.385
2.380
2.380
2.388
2.388
2.385
2.390
2.383
2.383
2.378
2.385
2.388
2.388
2.390
2.380
2.383
2.388
2.393
2.385
2.388
2.388
2.383
2.385
2.385
2.393
2.378
2.398
2.378
2.380
2.383
2.388
2.385
2.378
2.393
2.385
2.388
2.383
2.383
2.393
2.388
2.385
2.378
2.393
2.388
2.378
2.385
2.385
2.395
2.388
2.385
2.380
2.395
2.385
2.385
2.385
2.393
2.385
2.388
2.380
2.390
2.385
2.385
2.390
2.380
2.393
2.383
2.378
2.383
2.390
2.390
2.380
2.385
2.380
2.385
2.393
2.383
2.380
2.388
2.385
2.393
2.380
2.388
2.378
2.385
2.388
2.390
2.388
2.383
2.385
2.393
2.388
2.385
2.388
2.383
2.390
2.383
2.390
2.380
2.393
2.385
2.388
2.380
2.385
2.378
2.380
2.378
2.383
2.390
2.385
2.378
2.388
2.385
2.378
2.393
2.380
2.383
2.390
2.388
2.383
2.388
2.388
2.380
2.390
2.383
2.385
2.385
2.383
2.388
2.390
2.383
2.383
2.383
2.390
2.388
2.380
2.385
Closing
