VC mem handle 5, phys 0xfe86f000, virt 0xb6ff1000
CS 54004003 enable=1 done=1 pxldat=1 txw=1 txd=1 txe=1
0.712
0.715
0.715
0.715
0.715
0.702
0.715
0.702
0.715
0.712
0.712
0.707
0.710
0.705
0.720
0.705
0.715
0.705
0.715
0.707
0.707
0.700
0.707
0.710
0.705
0.705
0.707
0.705
0.712
0.705
0.710
0.710
0.707
0.705
0.710
0.712
0.693
0.705
0.702
0.710
0.705
0.705
0.700
0.710
0.705
0.693
0.707
0.702
0.707
0.702
0.700
0.702
0.705
0.702
0.690
0.710
0.702
0.705
0.700
0.705
0.698
0.695
0.712
0.690
0.702
0.705
0.688
0.705
0.693
0.712
0.685
0.715
0.693
0.693
0.702
0.688
0.702
0.695
0.712
0.688
0.707
0.698
0.680
0.710
0.690
0.705
0.680
0.702
0.685
0.700
0.707
0.683
0.700
0.688
0.705
0.695
0.712
0.678
0.698
0.700
0.678
0.707
0.683
0.702
0.680
0.702
0.688
0.698
0.700
0.688
0.705
0.688
0.698
0.688
0.695
0.685
0.695
0.700
0.688
0.698
0.678
0.710
0.693
0.685
0.693
0.676
0.705
0.673
0.698
0.676
0.695
0.688
0.690
0.690
0.678
0.698
0.673
0.707
0.690
0.688
0.700
0.688
0.685
0.683
0.700
0.671
0.702
0.683
0.678
0.693
0.685
0.688
0.683
0.702
0.676
0.695
0.685
0.693
0.678
0.688
0.683
0.666
0.698
0.685
0.685
0.683
0.680
0.685
0.683
0.683
0.673
0.700
0.688
0.673
0.690
0.690
0.685
0.688
0.680
0.671
0.693
0.676
0.683
0.685
0.685
0.680
0.688
0.683
0.680
0.680
0.678
0.683
0.678
0.678
0.680
0.671
0.680
0.680
0.678
0.683
0.676
0.680
0.680
0.680
0.680
0.680
0.680
0.683
0.680
0.676
0.671
0.678
0.683
0.683
0.678
0.676
0.676
0.680
0.673
0.678
0.678
0.678
0.678
0.678
0.673
0.680
0.671
0.671
0.676
0.676
0.680
0.676
0.676
0.668
0.671
0.678
0.676
0.671
0.671
0.680
0.668
0.673
0.673
0.673
0.680
0.676
0.676
0.673
0.678
0.676
0.673
0.671
0.671
0.673
0.668
0.673
0.666
0.673
0.666
0.668
0.676
0.678
0.673
0.680
0.661
0.666
0.671
0.668
0.678
0.661
0.673
0.663
0.673
0.666
0.668
0.680
0.668
0.671
0.673
0.656
0.676
0.671
0.668
0.673
0.666
0.668
0.668
0.661
0.673
0.666
0.668
0.666
0.671
0.671
0.666
0.663
0.668
0.663
0.663
0.671
0.666
0.666
0.663
0.668
0.666
0.668
0.668
0.663
0.668
0.666
0.661
0.668
0.673
0.656
0.676
0.666
0.663
0.668
0.661
0.668
0.671
0.659
0.668
0.659
0.661
0.659
0.663
0.656
0.673
0.663
0.666
0.663
0.659
0.656
0.663
0.649
0.671
0.663
0.661
0.661
0.659
0.659
0.661
0.659
0.663
0.656
0.663
0.654
0.661
0.666
0.663
0.663
0.666
0.656
0.666
0.661
0.651
0.663
0.651
0.666
0.661
0.651
0.663
0.649
0.654
0.661
0.654
0.666
0.654
0.661
0.666
0.646
0.663
0.656
0.656
0.656
0.649
0.654
0.661
0.656
0.654
0.656
0.659
0.659
0.654
0.668
0.651
0.661
0.651
0.659
0.656
0.659
0.651
0.654
0.651
0.659
0.651
0.659
0.656
0.651
0.656
0.651
0.651
0.656
0.651
0.649
0.656
0.649
0.659
0.651
0.656
0.656
0.654
0.659
0.656
0.651
0.659
0.649
0.659
0.651
0.654
0.654
0.659
0.651
0.651
0.644
0.649
0.654
0.656
0.651
0.654
0.639
0.651
0.651
0.651
0.656
0.649
0.649
0.654
0.644
0.659
0.649
0.646
0.654
0.644
0.654
0.651
0.644
0.656
0.646
0.649
0.644
0.649
0.651
0.654
0.651
0.651
0.649
0.641
0.654
0.649
0.651
0.646
0.644
0.646
0.644
0.651
0.646
0.641
0.651
0.641
0.641
0.651
0.646
0.646
0.644
0.641
0.654
0.644
0.651
0.649
0.646
0.646
0.641
0.641
0.644
0.646
0.641
0.646
0.649
0.644
0.646
0.651
0.646
0.649
0.644
0.649
0.637
0.646
0.639
0.639
0.654
0.641
0.651
0.639
0.654
0.644
0.649
0.641
0.646
0.641
0.646
0.639
0.651
0.639
0.644
0.644
0.641
0.637
0.654
0.634
0.651
0.641
0.641
0.639
0.641
0.646
0.637
0.644
0.637
0.639
0.641
0.637
0.641
0.644
0.644
0.637
0.641
0.627
0.649
0.644
0.637
0.644
0.639
0.641
0.639
0.641
0.637
0.644
0.634
0.634
0.639
0.644
0.634
0.641
0.641
0.629
0.639
0.639
0.637
0.644
0.632
0.632
0.641
0.641
0.641
0.639
0.639
0.624
0.639
0.639
0.639
0.641
0.634
0.634
0.637
0.639
0.627
0.639
0.637
0.639
0.644
0.632
0.632
0.634
0.641
0.627
0.649
0.627
0.644
0.632
0.641
0.632
0.632
0.639
0.627
0.641
0.634
0.634
0.634
0.639
0.637
0.634
0.641
0.627
0.634
0.629
0.629
0.632
0.644
0.634
0.634
0.644
0.637
0.632
0.624
0.634
0.634
0.634
0.634
0.632
0.632
0.627
0.632
0.629
0.634
0.639
0.627
0.634
0.644
0.632
0.629
0.637
0.637
0.629
0.639
0.624
0.627
0.637
0.632
0.639
0.629
0.627
0.632
0.639
0.627
0.634
0.627
0.632
0.629
0.634
0.629
0.624
0.637
0.629
0.627
0.629
0.632
0.632
0.629
0.627
0.624
0.624
0.639
0.624
0.637
0.627
0.620
0.629
0.624
0.634
0.624
0.634
0.629
0.622
0.627
0.634
0.629
0.627
0.632
0.629
0.624
0.629
0.627
0.624
0.624
0.632
0.627
0.637
0.632
0.620
0.627
0.620
0.632
0.624
0.629
0.627
0.622
0.624
0.629
0.617
0.634
0.627
0.627
0.639
0.617
0.629
0.627
0.632
0.622
0.632
0.624
0.622
0.637
0.602
0.639
0.620
0.629
0.627
0.624
0.629
0.632
0.612
0.622
0.620
0.627
0.627
0.617
0.617
0.624
0.624
0.622
0.629
0.627
0.624
-1.561
-1.600
-1.571
-1.590
-1.602
-1.598
-1.593
-1.600
-1.585
-1.602
-1.595
-1.593
-1.595
-1.590
-1.602
-1.590
-1.595
-1.590
-1.600
-1.593
-1.600
-1.444
-1.480
-1.493
-1.502
-1.488
-1.488
-1.485
-1.490
-1.495
-1.498
-1.485
-1.498
-1.502
-1.488
-1.490
-1.490
-1.498
-1.493
-1.505
-1.488
-1.495
-1.405
-1.383
-1.390
-1.383
-1.373
-1.376
-1.383
-1.366
-1.383
-1.373
-1.378
-1.368
-1.383
-1.366
-1.373
-1.373
-1.376
-1.368
-1.371
-1.361
-1.359
-1.293
-1.288
-1.283
-1.278
-1.280
-1.278
-1.263
-1.273
-1.288
-1.276
-1.283
-1.268
-1.276
-1.263
-1.276
-1.273
-1.268
-1.271
-1.276
-1.266
-1.263
-1.215
-1.202
-1.205
-1.190
-1.198
-1.188
-1.193
-1.195
-1.198
-1.188
-1.190
-1.190
-1.195
-1.188
-1.193
-1.190
-1.185
-1.190
-1.183
-1.188
-1.183
-1.139
-1.134
-1.122
-1.124
-1.120
-1.120
-1.120
-1.122
-1.124
-1.122
-1.115
-1.127
-1.117
-1.115
-1.112
-1.110
-1.115
-1.107
-1.110
-1.107
-1.100
-1.073
-1.066
-1.061
-1.066
-1.063
-1.054
-1.059
-1.049
-1.054
-1.054
-1.046
-1.059
-1.039
-1.046
-1.051
-1.044
-1.046
-1.044
-1.041
-1.041
-1.037
-1.015
-1.010
-1.005
-1.002
-0.998
-0.998
-1.000
-1.002
-1.000
-0.998
-0.988
-0.995
-0.993
-0.985
-0.995
-0.980
-0.990
-0.988
-0.983
-0.983
-0.971
-0.963
-0.954
-0.956
-0.954
-0.946
-0.939
-0.946
-0.944
-0.937
-0.944
-0.941
-0.939
-0.937
-0.932
-0.934
-0.937
-0.932
-0.934
-0.937
-0.929
-0.924
-0.920
-0.915
-0.912
-0.910
-0.895
-0.902
-0.902
-0.895
-0.902
-0.895
-0.895
-0.888
-0.888
-0.895
-0.888
-0.888
-0.890
-0.873
-0.893
-0.885
-0.880
-0.871
-0.866
-0.863
-0.861
-0.856
-0.856
-0.851
-0.859
-0.846
-0.846
-0.866
-0.846
-0.846
-0.849
-0.849
-0.844
-0.844
-0.839
-0.832
-0.846
-0.829
-0.832
-0.824
-0.827
-0.820
-0.810
-0.817
-0.815
-0.812
-0.817
-0.815
-0.802
-0.810
-0.805
-0.812
-0.807
-0.798
-0.800
-0.810
-0.798
-0.793
-0.798
-0.783
-0.793
-0.783
-0.788
-0.780
-0.780
-0.783
-0.773
-0.776
-0.771
-0.778
-0.773
-0.768
-0.773
-0.773
-0.759
-0.766
-0.763
-0.766
-0.768
-0.751
-0.763
-0.754
-0.751
-0.754
-0.744
-0.746
-0.741
-0.744
-0.746
-0.737
-0.749
-0.746
-0.732
-0.734
-0.734
-0.739
-0.737
-0.732
-0.724
-0.737
-0.724
-0.729
-0.724
-0.720
-0.722
-0.717
-0.720
-0.712
-0.715
-0.707
-0.715
-0.705
-0.717
-0.702
-0.702
-0.707
-0.705
-0.707
-0.690
-0.707
-0.693
-0.707
-0.702
-0.700
-0.688
-0.690
-0.678
-0.693
-0.680
-0.688
-0.676
-0.690
-0.688
-0.673
-0.680
-0.678
-0.676
-0.678
-0.671
-0.673
-0.676
-0.663
-0.661
-0.663
-0.668
-0.661
-0.654
-0.663
-0.659
-0.654
-0.666
-0.656
-0.659
-0.651
-0.651
-0.654
-0.659
-0.644
-0.651
-0.644
-0.646
-0.644
-0.644
-0.644
-0.646
-0.634
-0.629
-0.637
-0.637
-0.632
-0.634
-0.632
-0.632
-0.615
-0.632
-0.624
-0.629
-0.624
-0.624
-0.617
-0.622
-0.632
-0.615
-0.622
-0.620
-0.615
-0.617
-0.620
-0.607
-0.617
-0.612
-0.607
-0.615
-0.605
-0.617
-0.610
-0.610
-0.607
-0.600
-0.605
-0.600
-0.600
-0.602
-0.602
-0.600
-0.590
-0.600
-0.590
-0.598
-0.595
-0.585
-0.590
-0.590
-0.588
-0.590
-0.583
-0.583
-0.583
-0.583
-0.590
-0.583
-0.576
-0.580
-0.576
-0.580
-0.576
-0.580
-0.578
-0.571
-0.580
-0.576
-0.566
-0.573
-0.559
-0.568
-0.563
-0.568
-0.563
-0.561
-0.566
-0.561
-0.563
-0.559
-0.556
-0.566
-0.551
-0.561
-0.549
-0.559
-0.539
-0.554
-0.544
-0.554
-0.561
-0.541
-0.556
-0.544
-0.559
-0.529
-0.554
-0.532
-0.549
-0.554
-0.529
-0.544
-0.529
-0.541
-0.527
-0.549
-0.532
-0.520
-0.549
-0.532
-0.537
-0.532
-0.529
-0.534
-0.522
-0.524
-0.529
-0.529
-0.522
-0.529
-0.517
-0.517
-0.527
-0.517
-0.537
-0.517
-0.517
-0.515
-0.512
-0.520
-0.517
-0.512
-0.512
-0.515
-0.515
-0.510
-0.512
-0.507
-0.512
-0.510
-0.505
-0.505
-0.505
-0.507
-0.507
-0.495
-0.510
-0.490
-0.498
-0.500
-0.500
-0.498
-0.498
-0.495
-0.502
-0.493
-0.488
-0.493
-0.498
-0.490
-0.490
-0.488
-0.488
-0.490
-0.485
-0.490
-0.483
-0.493
-0.483
-0.483
-0.485
-0.483
-0.480
-0.480
-0.480
-0.485
-0.473
-0.480
-0.480
-0.485
-0.473
-0.476
-0.468
-0.473
-0.483
-0.478
-0.471
-0.468
-0.476
-0.466
-0.471
-0.476
-0.471
-0.466
-0.466
-0.461
-0.471
-0.471
-0.468
-0.463
-0.471
-0.454
-0.468
-0.471
-0.461
-0.461
-0.456
-0.463
-0.454
-0.461
-0.454
-0.459
-0.454
-0.454
-0.449
-0.461
-0.451
-0.454
-0.454
-0.451
-0.456
-0.449
-0.446
-0.451
-0.454
-0.456
-0.446
-0.444
-0.444
-0.454
-0.439
-0.444
-0.439
-0.437
-0.446
-0.446
-0.441
-0.444
-0.429
-0.441
-0.434
-0.437
-0.439
-0.439
-0.439
-0.432
-0.424
-0.437
-0.432
-0.429
-0.437
-0.429
-0.434
-0.437
-0.432
-0.427
-0.437
-0.427
-0.429
-0.429
-0.429
-0.420
-0.434
-0.420
-0.432
-0.427
-0.432
-0.422
-0.420
-0.422
-0.422
-0.415
-0.424
-0.415
-0.422
-0.420
-0.417
-0.420
-0.420
-0.417
-0.407
-0.420
-0.417
-0.410
-0.424
-0.410
-0.407
-0.412
-0.412
-0.412
-0.415
-0.415
-0.412
-0.405
-0.410
-0.412
-0.412
-0.407
-0.410
-0.407
-0.402
-0.402
-0.400
-0.407
-0.400
-0.395
-0.402
-0.398
-0.407
-0.400
-0.400
-0.398
-0.395
-0.407
-0.383
-0.398
-0.398
-0.390
-0.395
-0.390
-0.405
-0.380
-0.398
-0.383
-0.395
-0.405
-0.398
-0.390
-0.390
-0.390
-0.380
-0.395
-0.390
-0.376
-0.380
-0.395
-0.385
-0.388
-0.378
-0.388
-0.380
-0.390
-0.373
-0.393
-0.383
-0.383
-0.376
-0.378
-0.376
-0.385
-0.380
-0.378
-0.376
-0.378
-0.378
-0.368
-0.383
-0.376
-0.373
-0.376
-0.388
-0.366
-0.376
-0.373
-0.380
-0.376
-0.366
-0.371
-0.359
-0.376
-0.371
-0.368
-0.366
-0.373
-0.368
-0.366
-0.363
-0.371
-0.363
-0.359
-0.366
-0.363
-0.361
-0.363
-0.359
-0.363
-0.359
-0.359
-0.371
-0.361
-0.363
-0.366
-0.356
-0.368
-0.356
-0.361
-0.361
-0.356
-0.349
-0.361
-0.356
-0.354
-0.359
-0.354
-0.354
-0.349
-0.349
-0.359
-0.351
-0.351
-0.351
-0.351
-0.351
-0.349
-0.356
-0.351
-0.351
-0.351
-0.349
-0.354
-0.351
-0.344
-0.356
-0.344
-0.346
-0.344
-0.344
-0.349
-0.344
-0.346
-0.346
-0.344
-0.351
-0.346
-0.346
-0.339
-0.346
-0.339
-0.344
-0.339
-0.337
-0.339
-0.337
-0.334
-0.349
-0.329
-0.341
-0.329
-0.344
-0.329
-0.346
-0.332
-0.327
-0.337
-0.332
-0.332
-0.337
-0.329
-0.339
-0.334
-0.341
-0.334
-0.329
-0.332
-0.332
-0.329
-0.332
-0.329
-0.329
-0.334
-0.322
-0.327
-0.327
-0.324
-0.327
-0.327
-0.327
-0.332
-0.322
-0.327
-0.324
-0.329
-0.320
-0.327
-0.322
-0.320
-0.322
-0.327
-0.320
-0.320
-0.322
-0.324
-0.312
-0.322
-0.324
-0.324
-0.310
-0.312
-0.317
-0.320
-0.312
-0.324
-0.315
-0.315
-0.310
-0.327
-0.322
-0.320
-0.315
-0.320
-0.307
-0.317
-0.315
-0.320
-0.310
-0.312
-0.312
-0.315
-0.317
-0.317
-0.324
-0.305
-0.307
-0.317
-0.317
-0.320
-0.315
-0.310
-0.305
-0.302
-0.307
-0.312
-0.310
-0.302
-0.305
-0.305
-0.317
-0.302
-0.310
-0.302
-0.305
-0.312
-0.310
-0.302
-0.305
-0.300
-0.305
-0.307
-0.307
-0.300
-0.310
-0.305
-0.300
-0.300
-0.312
-0.300
-0.307
-0.298
-0.293
-0.302
-0.300
-0.302
-0.307
-0.298
-0.305
-0.295
-0.298
-0.298
-0.298
-0.298
-0.298
-0.293
-0.295
-0.298
-0.298
-0.295
-0.298
-0.290
-0.295
-0.290
-0.300
-0.298
-0.290
-0.288
-0.295
-0.293
-0.300
-0.283
-0.290
-0.300
-0.285
-0.295
-0.293
-0.290
-0.288
-0.290
-0.295
-0.283
-0.290
-0.285
-0.288
-0.290
-0.288
-0.283
-0.295
-0.283
-0.290
-0.285
-0.283
-0.283
-0.290
-0.278
-0.283
-0.276
-0.288
-0.285
-0.280
-0.283
-0.283
-0.283
-0.280
-0.285
-0.288
-0.283
-0.273
-0.283
-0.280
-0.273
-0.276
-0.285
-0.276
-0.276
-0.280
-0.278
-0.271
-0.283
-0.276
-0.271
-0.276
-0.271
-0.278
-0.283
-0.268
-0.278
-0.273
-0.271
-0.280
-0.276
-0.288
-0.271
-0.280
-0.276
-0.268
-0.276
-0.278
-0.271
-0.268
-0.266
-0.271
-0.278
-0.271
-0.273
-0.271
-0.266
-0.278
-0.268
-0.266
-0.276
-0.263
-0.271
-0.268
-0.273
-0.271
-0.263
-0.263
-0.266
-0.261
-0.268
-0.266
-0.266
-0.268
-0.266
-0.271
-0.268
-0.263
-0.273
-0.261
-0.261
-0.263
-0.261
-0.261
-0.271
-0.261
-0.271
-0.261
-0.256
-0.266
-0.256
-0.266
-0.263
-0.261
-0.263
-0.259
-0.261
-0.256
-0.259
-0.256
-0.259
-0.261
-0.261
-0.268
-0.254
-0.263
-0.259
-0.256
-0.256
-0.251
-0.261
-0.261
-0.254
-0.256
-0.263
-0.256
-0.254
-0.251
-0.254
-0.259
-0.263
-0.256
-0.254
-0.259
-0.246
-0.256
-0.256
-0.254
-0.241
-0.251
-0.246
-0.261
-0.249
-0.254
-0.254
-0.254
-0.241
-0.249
-0.251
-0.246
-0.256
-0.244
-0.249
-0.254
-0.249
-0.254
-0.246
-0.251
-0.249
-0.246
-0.254
-0.246
-0.249
-0.246
-0.249
-0.239
-0.246
-0.234
-0.246
-0.249
-0.239
-0.241
-0.244
-0.251
-0.229
-0.254
-0.232
-0.239
-0.254
-0.229
-0.244
-0.239
-0.251
-0.227
-0.249
-0.249
-0.234
-0.246
-0.224
-0.254
-0.229
-0.251
-0.237
-0.237
-0.246
-0.232
-0.239
-0.237
-0.244
-0.222
-0.246
-0.239
-0.227
-0.241
-0.241
-0.234
-0.227
-0.239
-0.232
-0.239
-0.234
-0.227
-0.237
-0.239
-0.237
-0.234
-0.229
-0.241
-0.227
-0.239
-0.234
-0.239
-0.239
-0.234
-0.239
-0.215
-0.241
-0.232
-0.229
-0.234
-0.232
-0.227
-0.234
-0.222
-0.222
-0.237
-0.239
-0.224
-0.227
-0.229
-0.224
-0.224
-0.234
-0.229
-0.227
-0.222
-0.227
-0.227
-0.229
-0.227
-0.229
-0.232
-0.222
-0.227
-0.234
-0.222
-0.224
-0.220
-0.222
-0.220
-0.227
-0.232
-0.220
-0.220
-0.227
-0.224
-0.215
-0.234
-0.217
-0.220
-0.227
-0.220
-0.222
-0.220
-0.220
-0.222
-0.224
-0.224
-0.215
-0.222
-0.212
-0.232
-0.215
-0.215
-0.222
-0.220
-0.224
-0.215
-0.217
-0.220
-0.222
-0.215
-0.222
-0.222
-0.212
-0.222
-0.222
-0.215
-0.215
-0.220
-0.210
-0.217
-0.217
-0.217
-0.212
-0.215
-0.215
-0.220
-0.215
-0.217
-0.220
-0.220
-0.205
-0.215
-0.217
-0.220
-0.207
-0.217
-0.212
-0.207
-0.210
-0.215
-0.215
-0.217
-0.205
-0.210
-0.210
-0.215
-0.210
-0.210
-0.210
-0.212
-0.205
-0.207
-0.207
-0.210
-0.207
-0.207
-0.205
-0.205
-0.210
-0.207
-0.210
-0.215
-0.205
-0.212
-0.210
-0.210
-0.212
-0.202
-0.207
-0.205
-0.210
-0.210
-0.212
-0.205
-0.200
-0.207
-0.207
-0.198
-0.217
-0.205
-0.200
-0.202
-0.207
-0.200
-0.202
-0.200
-0.207
-0.195
-0.210
-0.200
-0.210
-0.198
-0.198
-0.205
-0.202
-0.202
-0.205
-0.200
-0.207
-0.198
-0.198
-0.195
-0.202
-0.207
-0.202
-0.200
-0.198
-0.202
-0.202
-0.198
-0.198
-0.205
-0.193
-0.212
-0.193
-0.190
-0.200
-0.198
-0.198
-0.200
-0.195
-0.198
-0.193
-0.202
-0.198
-0.202
-0.198
-0.198
-0.195
-0.198
-0.190
-0.200
-0.202
-0.188
-0.200
-0.195
-0.200
-0.198
-0.195
-0.200
-0.185
-0.193
-0.193
-0.183
-0.200
-0.190
-0.188
-0.202
-0.183
-0.193
-0.193
-0.202
-0.200
-0.190
-0.188
-0.185
-0.185
-0.195
-0.193
-0.188
-0.195
-0.193
-0.190
-0.190
-0.193
-0.193
-0.183
-0.193
-0.190
-0.193
-0.195
-0.190
-0.180
-0.195
-0.185
-0.195
-0.190
-0.183
-0.193
-0.195
-0.188
-0.185
-0.180
-0.188
-0.190
-0.178
-0.188
-0.190
-0.185
-0.180
-0.193
-0.178
-0.190
-0.183
-0.183
-0.188
-0.180
-0.195
-0.176
-0.193
-0.183
-0.176
-0.185
-0.190
-0.185
-0.188
-0.183
-0.185
-0.176
-0.183
-0.183
-0.190
-0.183
-0.185
-0.180
-0.185
-0.183
-0.183
-0.183
-0.190
-0.180
-0.183
-0.185
-0.178
-0.180
-0.180
-0.183
-0.190
-0.176
-0.176
-0.188
-0.180
-0.183
-0.176
-0.168
-0.185
-0.178
-0.183
-0.180
-0.178
-0.168
-0.176
-0.180
-0.178
-0.180
-0.163
-0.188
-0.173
-0.176
-0.178
-0.171
-0.173
-0.180
-0.161
-0.183
-0.166
-0.183
-0.178
-0.176
-0.163
-0.193
-0.178
-0.163
-0.176
-0.173
-0.180
-0.166
-0.166
-0.178
-0.173
-0.166
-0.178
-0.168
-0.190
-0.156
-0.173
-0.180
-0.166
-0.171
-0.173
-0.166
-0.171
-0.171
-0.163
-0.183
-0.163
-0.180
-0.161
-0.176
-0.176
-0.166
-0.159
-0.176
-0.166
-0.178
-0.171
-0.154
-0.176
-0.168
-0.180
-0.159
-0.166
-0.178
-0.163
-0.168
-0.166
-0.163
-0.171
-0.166
-0.151
-0.176
-0.151
-0.171
-0.159
-0.163
-0.173
-0.154
-0.180
-0.149
-0.178
-0.154
-0.176
-0.149
-0.176
-0.173
-0.163
-0.159
-0.156
-0.163
-0.159
-0.173
-0.149
-0.161
-0.161
-0.185
-0.159
-0.154
-0.178
-0.146
-0.180
-0.166
-0.163
-0.146
-0.176
-0.154
-0.161
-0.166
-0.166
-0.149
-0.163
-0.173
-0.154
-0.168
-0.176
-0.139
-0.161
-0.171
-0.137
-0.163
-0.161
-0.149
-0.161
-0.168
-0.173
-0.154
-0.159
-0.139
-0.188
-0.149
-0.168
-0.137
-0.154
-0.161
-0.163
-0.154
-0.149
-0.161
-0.146
-0.163
-0.159
-0.171
-0.124
-0.168
-0.159
-0.168
-0.141
-0.134
-0.161
-0.144
-0.146
-0.149
-0.168
-0.137
-0.168
-0.141
-0.173
-0.139
-0.166
-0.156
-0.139
-0.163
-0.141
-0.171
-0.137
-0.161
-0.127
-0.166
-0.144
-0.129
-0.176
-0.132
-0.146
-0.166
-0.129
-0.144
-0.154
-0.151
-0.141
-0.161
-0.146
-0.132
-0.154
-0.146
-0.159
-0.154
-0.161
-0.156
-0.139
-0.149
-0.151
-0.151
-0.161
-0.144
-0.171
-0.146
-0.149
-0.151
-0.154
-0.151
-0.161
-0.129
-0.124
-0.141
-0.149
-0.151
-0.144
-0.159
-0.156
-0.120
-0.127
-0.156
-0.141
-0.151
-0.132
-0.159
-0.151
-0.144
-0.124
-0.159
-0.144
-0.144
-0.137
-0.156
-0.139
-0.132
-0.124
-0.149
-0.127
-0.144
-0.141
-0.151
-0.146
-0.129
-0.117
-0.149
-0.124
-0.139
-0.144
-0.144
-0.137
-0.129
-0.132
-0.141
-0.115
-0.144
-0.127
-0.144
-0.139
-0.132
-0.137
-0.141
-0.127
-0.139
-0.122
-0.132
-0.141
-0.137
-0.132
-0.144
-0.120
-0.144
-0.151
-0.134
-0.146
-0.132
-0.137
-0.132
-0.149
-0.137
-0.159
-0.127
-0.154
-0.146
-0.146
-0.146
-0.151
-0.141
-0.178
-0.141
-0.166
-0.154
-0.159
-0.154
-0.161
-0.156
-0.115
-0.144
2.361
2.107
2.095
2.112
2.110
2.110
2.115
2.110
2.117
2.110
2.120
2.100
2.120
2.112
2.117
2.117
2.112
2.120
2.115
2.122
2.102
1.946
1.966
1.988
2.012
2.002
2.005
2.002
2.002
2.000
2.007
2.002
2.000
2.007
2.002
2.012
1.990
2.007
2.005
2.012
2.015
2.010
1.912
1.883
1.890
1.888
1.898
1.888
1.878
1.888
1.890
1.888
1.880
1.880
1.888
1.876
1.883
1.880
1.871
1.871
1.876
1.876
1.876
1.807
1.783
1.783
1.780
1.780
1.785
1.778
1.780
1.776
1.788
1.780
1.778
1.783
1.776
1.771
1.773
1.778
1.768
1.773
1.778
1.768
1.727
1.705
1.702
1.700
1.700
1.690
1.705
1.688
1.690
1.690
1.690
1.688
1.695
1.685
1.680
1.690
1.685
1.685
1.683
1.680
1.673
1.651
1.629
1.620
1.617
1.624
1.615
1.617
1.615
1.617
1.620
1.615
1.620
1.612
1.607
1.612
1.605
1.612
1.602
1.605
1.612
1.602
1.576
1.563
1.556
1.563
1.549
1.556
1.551
1.541
1.546
1.549
1.541
1.556
1.537
1.551
1.539
1.537
1.537
1.541
1.539
1.541
1.532
1.517
1.502
1.507
1.498
1.498
1.493
1.495
1.493
1.493
1.490
1.476
1.488
1.488
1.483
1.483
1.483
1.480
1.480
1.485
1.463
1.476
1.459
1.449
1.444
1.441
1.444
1.434
1.441
1.437
1.429
1.441
1.437
1.434
1.439
1.427
1.434
1.422
1.424
1.424
1.420
1.422
1.415
1.405
1.400
1.402
1.398
1.388
1.395
1.395
1.390
1.385
1.390
1.390
1.373
1.373
1.383
1.373
1.376
1.380
1.373
1.378
1.376
1.368
1.363
1.359
1.351
1.344
1.354
1.346
1.346
1.344
1.337
1.344
1.337
1.341
1.339
1.337
1.332
1.329
1.332
1.332
1.339
1.329
1.334
1.317
1.317
1.305
1.305
1.307
1.305
1.307
1.302
1.310
1.300
1.302
1.300
1.295
1.298
1.298
1.288
1.298
1.276
1.285
1.295
1.278
1.285
1.273
1.268
1.273
1.268
1.276
1.266
1.263
1.266
1.263
1.263
1.256
1.259
1.259
1.261
1.259
1.259
1.259
1.259
1.259
1.244
1.244
1.234
1.232
1.237
1.234
1.234
1.232
1.224
1.234
1.227
1.227
1.224
1.229
1.224
1.217
1.222
1.224
1.220
1.220
1.215
1.220
1.217
1.210
1.207
1.202
1.215
1.200
1.202
1.205
1.193
1.210
1.195
1.198
1.198
1.195
1.193
1.207
1.188
1.183
1.183
1.188
1.183
1.185
1.180
1.171
1.178
1.178
1.176
1.173
1.176
1.168
1.178
1.159
1.168
1.166
1.163
1.163
1.151
1.168
1.156
1.163
1.146
1.163
1.168
1.146
1.156
1.141
1.159
1.141
1.134
1.149
1.129
1.154
1.141
1.132
1.139
1.141
1.137
1.134
1.139
1.134
1.129
1.134
1.129
1.129
1.124
1.127
1.122
1.124
1.127
1.124
1.120
1.120
1.112
1.112
1.120
1.112
1.115
1.107
1.102
1.115
1.112
1.107
1.112
1.110
1.102
1.102
1.107
1.095
1.095
1.093
1.095
1.098
1.090
1.095
1.093
1.093
1.090
1.090
1.085
1.088
1.090
1.088
1.083
1.085
1.083
1.088
1.073
1.083
1.083
1.076
1.068
1.068
1.078
1.083
1.076
1.059
1.073
1.068
1.068
1.073
1.063
1.066
1.059
1.066
1.063
1.056
1.061
1.056
1.056
1.059
1.049
1.061
1.049
1.056
1.051
1.056
1.054
1.051
1.054
1.044
1.044
1.056
1.041
1.044
1.039
1.037
1.041
1.032
1.041
1.041
1.041
1.039
1.034
1.039
1.032
1.034
1.032
1.027
1.027
1.029
1.029
1.034
1.037
1.024
1.020
1.027
1.024
1.022
1.020
1.015
1.017
1.015
1.020
1.024
1.012
1.015
1.012
1.012
1.015
1.012
1.012
1.012
1.007
1.005
1.002
1.007
1.007
1.002
1.012
1.002
1.005
0.998
1.007
1.000
0.998
1.000
0.983
1.002
0.995
0.988
0.998
0.993
0.993
0.993
1.000
0.990
0.988
0.988
0.985
0.990
0.993
0.985
0.985
0.980
0.980
0.985
0.988
0.980
0.980
0.978
0.985
0.980
0.978
0.980
0.973
0.971
0.980
0.976
0.971
0.968
0.978
0.968
0.978
0.966
0.968
0.968
0.973
0.963
0.961
0.961
0.971
0.963
0.963
0.959
0.959
0.963
0.959
0.963
0.966
0.951
0.954
0.959
0.954
0.966
0.961
0.949
0.956
0.951
0.956
0.946
0.946
0.951
0.941
0.959
0.941
0.949
0.949
0.941
0.946
0.946
0.954
0.949
0.941
0.954
0.922
0.934
0.946
0.934
0.941
0.944
0.937
0.944
0.924
0.944
0.934
0.937
0.937
0.932
0.929
0.932
0.924
0.937
0.927
0.934
0.924
0.932
0.924
0.922
0.927
0.932
0.917
0.939
0.922
0.929
0.915
0.912
0.915
0.927
0.917
0.920
0.912
0.922
0.915
0.922
0.915
0.912
0.915
0.917
0.915
0.917
0.907
0.910
0.917
0.905
0.915
0.910
0.912
0.917
0.902
0.907
0.910
0.910
0.910
0.907
0.900
0.905
0.900
0.907
0.902
0.907
0.905
0.900
0.898
0.893
0.907
0.902
0.900
0.902
0.895
0.900
0.893
0.898
0.902
0.883
0.898
0.890
0.898
0.900
0.888
0.893
0.893
0.898
0.898
0.885
0.893
0.888
0.888
0.883
0.890
0.888
0.883
0.883
0.888
0.878
0.876
0.885
0.888
0.883
0.883
0.885
0.885
0.880
0.878
0.878
0.878
0.880
0.883
0.880
0.878
0.876
0.871
0.873
0.873
0.878
0.873
0.878
0.878
0.873
0.883
0.863
0.878
0.876
0.868
0.873
0.863
0.871
0.876
0.868
0.873
0.863
0.876
0.873
0.863
0.868
0.854
0.859
0.854
0.871
0.866
0.863
0.863
0.863
0.859
0.871
0.859
0.873
0.854
0.859
0.851
0.856
0.861
0.854
0.849
0.859
0.861
0.859
0.868
0.846
0.866
0.851
0.863
0.839
0.849
0.846
0.849
0.856
0.841
0.861
0.837
0.861
0.844
0.849
0.854
0.839
0.861
0.829
0.861
0.829
0.846
0.851
0.834
0.861
0.832
0.854
0.837
0.849
0.841
0.846
0.841
0.841
0.849
0.829
0.844
0.834
0.837
0.839
0.844
0.832
0.839
0.839
0.839
0.834
0.834
0.829
0.837
0.839
0.829
0.834
0.829
0.837
0.837
0.834
0.837
0.834
0.827
0.834
0.829
0.824
0.839
0.827
0.832
0.824
0.832
0.824
0.832
0.829
0.829
0.817
0.829
0.824
0.839
0.817
0.832
0.812
0.832
0.822
0.824
0.820
0.824
0.815
0.829
0.812
0.824
0.815
0.817
0.824
0.810
0.822
0.824
0.815
0.824
0.822
0.820
0.817
0.817
0.817
0.812
0.820
0.815
0.812
0.810
0.810
0.815
0.817
0.810
0.812
0.817
0.812
0.800
0.812
0.807
0.812
0.807
0.807
0.812
0.812
0.793
0.810
0.805
0.817
0.805
0.807
0.807
0.805
0.805
0.800
0.802
0.812
0.800
0.800
0.802
0.802
0.802
0.800
0.798
0.802
0.802
0.805
0.802
0.793
0.788
0.798
0.795
0.802
0.800
0.798
0.798
0.793
0.795
0.798
0.798
0.800
0.788
0.798
0.788
0.795
0.798
0.800
0.790
0.795
0.790
0.793
0.790
0.795
0.793
0.790
0.788
0.788
0.793
0.785
0.788
0.780
0.790
0.785
0.793
0.790
0.795
0.785
0.793
0.790
0.790
0.790
0.790
0.778
0.785
0.790
0.780
0.780
0.790
0.785
0.780
0.783
0.790
0.778
0.780
0.783
0.783
0.783
0.788
0.773
0.780
0.778
0.778
0.780
0.780
0.773
0.783
0.773
0.768
0.785
0.780
0.776
0.776
0.771
0.785
0.778
0.771
0.783
0.776
0.771
0.776
0.768
0.773
0.776
0.763
0.771
0.778
0.768
0.773
0.778
0.771
0.768
0.766
0.756
0.776
0.771
0.766
0.773
0.761
0.759
0.771
0.773
0.778
0.761
0.761
0.776
0.756
0.766
0.768
0.763
0.771
0.763
0.761
0.763
0.763
0.766
0.768
0.768
0.754
0.766
0.766
0.766
0.759
0.759
0.766
0.759
0.761
0.759
0.761
0.759
0.761
0.761
0.763
0.763
0.759
0.759
0.763
0.751
0.761
0.756
0.756
0.754
0.759
0.761
0.761
0.759
0.756
0.756
0.763
0.759
0.751
0.766
0.744
0.756
0.754
0.759
0.756
0.751
0.759
0.741
0.759
0.746
0.754
0.749
0.756
0.751
0.744
0.749
0.746
0.754
0.756
0.746
0.749
0.759
0.741
0.749
0.754
0.751
0.739
0.751
0.746
0.751
0.754
0.749
0.751
0.739
0.749
0.751
0.741
0.744
0.739
0.746
0.749
0.744
0.751
0.744
0.744
0.744
0.744
0.746
0.741
0.741
0.739
0.739
0.741
0.737
0.746
0.741
0.749
0.737
0.741
0.746
0.737
0.737
0.749
0.741
0.739
0.737
0.741
0.734
0.734
0.734
0.739
0.741
0.739
0.737
0.741
0.729
0.739
0.739
0.739
0.744
0.732
0.734
0.737
0.727
0.734
0.739
0.737
0.737
0.729
0.737
0.734
0.739
0.729
0.729
0.737
0.732
0.729
0.734
0.734
0.727
0.734
0.729
0.734
0.739
0.729
0.732
0.724
0.724
0.729
0.724
0.737
0.724
0.729
0.729
0.720
0.732
0.729
0.737
0.720
0.727
0.722
0.732
0.724
0.722
0.722
0.732
0.724
0.729
0.724
0.722
0.720
0.722
0.724
0.727
0.724
0.722
0.717
0.720
0.727
0.727
0.717
0.727
0.727
0.720
0.722
0.724
0.722
0.724
0.717
0.724
0.729
0.717
0.722
0.724
0.720
0.727
0.717
0.724
0.715
0.724
0.715
0.717
0.720
0.727
0.717
0.724
0.717
0.717
0.712
0.715
0.727
0.717
0.717
0.715
0.717
0.717
0.717
0.715
0.717
0.717
0.712
0.720
0.710
0.727
0.712
0.717
0.710
0.717
0.722
0.712
0.710
0.715
0.715
0.707
0.720
0.712
0.717
0.717
0.700
0.710
0.707
0.710
0.710
0.712
0.707
0.702
0.710
0.712
0.710
0.712
0.712
0.707
0.712
0.705
0.707
0.710
0.702
0.715
0.702
0.710
0.717
0.705
0.705
0.712
0.705
0.710
0.702
0.705
0.702
0.710
0.702
0.705
0.702
0.705
0.710
0.690
0.700
0.710
0.705
0.702
0.702
0.707
0.705
0.710
0.693
0.705
0.700
0.698
0.705
0.700
0.707
0.700
0.715
0.695
0.710
0.698
0.710
0.700
0.710
0.695
0.702
0.705
0.698
0.705
0.702
0.690
0.698
0.710
0.685
0.707
0.693
0.702
0.693
0.722
0.688
0.707
0.705
0.685
0.712
0.683
0.715
0.676
0.705
0.688
0.695
0.702
0.688
0.707
0.690
0.702
0.680
0.702
0.700
0.683
0.705
0.688
0.700
0.676
0.705
0.688
0.693
0.707
0.678
0.700
0.688
0.700
0.678
0.698
0.693
0.678
0.710
0.678
0.702
0.685
0.698
0.685
0.702
0.688
0.690
0.702
0.676
0.698
0.673
0.710
0.676
0.698
0.693
0.680
0.705
0.673
0.707
0.671
0.705
0.673
0.707
0.680
0.688
0.695
0.678
0.700
0.673
0.695
0.680
0.698
0.680
0.693
0.680
0.685
0.702
0.685
0.676
0.678
0.695
0.683
0.685
0.685
0.671
0.698
0.678
0.680
0.695
0.683
0.688
0.683
0.680
0.671
0.693
0.680
0.685
0.676
0.683
0.680
0.680
0.685
0.688
0.671
0.688
0.680
0.680
0.685
0.685
0.688
0.683
0.683
0.678
0.680
0.688
0.685
0.673
0.680
0.683
0.683
0.680
0.685
0.678
0.683
0.668
0.678
0.690
0.676
0.676
0.683
0.673
0.685
0.673
0.680
0.678
0.683
0.680
0.676
0.685
0.673
0.676
0.678
0.680
0.676
0.673
0.683
0.671
0.678
0.678
0.673
0.685
0.678
0.673
0.673
0.671
0.676
0.673
0.678
0.673
0.671
0.680
0.680
0.671
0.680
0.673
0.673
0.676
0.676
0.678
0.668
0.673
0.668
0.676
0.676
0.676
0.678
0.673
0.676
0.671
0.668
0.683
0.676
0.673
0.666
0.671
0.661
0.668
0.673
0.671
0.666
0.663
0.666
0.666
0.673
0.671
0.671
0.666
0.676
0.666
0.668
0.666
0.668
0.666
0.673
0.671
0.673
0.668
0.656
0.666
0.663
0.671
0.663
0.668
0.668
0.668
0.663
0.666
0.676
0.668
0.663
0.666
0.668
0.659
0.661
0.659
0.661
0.663
0.671
0.663
0.663
0.671
0.666
0.666
0.673
0.668
0.661
0.666
0.661
0.663
0.668
0.663
0.666
0.666
0.668
0.666
0.659
0.663
0.659
0.668
0.661
0.663
0.654
0.663
0.656
0.671
0.656
0.668
0.659
0.668
0.663
0.661
0.656
0.663
0.656
0.659
0.666
0.663
0.663
0.661
0.649
0.659
0.663
0.663
0.671
0.661
0.659
0.659
0.654
0.661
0.663
0.661
0.656
0.666
0.661
0.659
0.659
0.656
0.671
0.656
0.659
0.659
0.654
0.661
0.656
0.651
0.654
0.659
0.654
0.663
0.654
0.659
0.661
0.654
0.666
0.659
0.659
0.659
0.656
0.656
0.661
0.654
0.659
0.654
0.659
0.646
0.656
0.651
0.656
0.656
0.649
0.659
0.659
0.659
0.651
0.654
0.661
0.654
0.659
0.661
0.651
0.654
0.654
0.651
0.656
0.659
0.654
0.656
0.649
0.654
0.656
0.659
0.656
0.644
0.654
0.649
0.641
0.663
0.651
0.649
0.656
0.646
0.656
0.651
0.654
0.651
0.644
0.651
0.656
0.649
0.651
0.641
0.656
0.649
0.654
0.644
0.661
0.646
0.659
0.644
0.656
0.644
0.659
0.639
0.651
0.659
0.644
0.654
0.649
0.644
0.651
0.646
0.651
0.641
0.651
0.644
0.644
0.649
0.644
0.656
0.644
0.649
0.654
0.646
0.646
0.649
0.649
0.649
0.637
0.646
0.649
0.639
0.644
0.641
0.649
0.646
0.654
0.646
0.646
0.646
0.646
0.641
0.646
0.649
0.641
0.641
0.644
0.646
0.644
0.644
0.651
0.644
0.641
0.641
0.641
0.649
0.646
0.641
0.641
0.644
0.649
0.649
0.644
0.646
0.646
0.634
0.651
0.644
0.637
0.649
0.646
0.641
0.644
0.641
0.632
0.644
0.646
0.637
0.649
0.634
0.641
0.639
0.641
0.641
0.641
0.644
0.637
0.651
0.644
0.634
0.634
0.641
0.641
0.641
0.641
0.637
0.641
0.637
0.639
0.639
0.646
0.639
0.639
0.641
0.637
0.639
0.637
0.639
0.641
0.634
0.639
0.634
0.641
0.627
0.651
0.627
0.644
0.639
0.632
0.641
0.627
0.639
0.634
0.641
0.632
0.634
0.644
0.632
0.641
0.634
0.646
0.632
0.641
0.634
0.639
0.637
0.639
0.639
0.634
0.632
0.639
0.639
0.620
0.639
0.620
0.637
0.639
0.632
0.639
0.637
0.637
0.634
0.634
0.641
0.632
0.646
0.632
0.637
0.624
0.632
0.632
0.632
0.646
0.637
0.634
0.649
0.622
0.641
0.639
0.632
0.637
0.632
0.632
0.622
0.629
0.632
0.629
0.637
0.637
0.637
0.634
0.624
0.629
0.629
0.634
0.641
0.624
0.637
0.622
0.632
0.632
0.639
0.637
0.629
0.637
0.637
0.624
0.632
0.632
0.627
0.639
0.624
0.641
0.622
0.627
0.629
0.624
0.634
0.624
0.632
0.629
0.629
0.632
0.624
0.634
0.629
0.632
0.629
0.629
0.622
0.634
0.632
0.632
0.629
0.632
0.624
0.637
0.627
0.634
0.627
0.629
0.622
0.629
0.629
0.632
0.622
0.624
0.627
0.627
0.632
0.627
0.644
0.622
0.622
0.629
0.627
0.627
0.624
0.627
0.612
0.620
0.624
0.627
0.632
0.629
0.624
0.629
0.624
0.624
0.632
0.624
0.622
0.629
0.629
0.620
0.627
0.622
0.622
0.627
0.617
0.629
0.624
0.620
0.632
0.620
0.629
0.629
0.622
0.615
0.627
0.620
0.627
0.620
0.627
0.622
0.622
0.634
0.620
0.620
0.632
0.607
0.634
0.612
0.624
0.632
0.617
0.629
0.624
0.627
0.617
0.629
0.620
0.632
-1.566
-1.605
-1.566
-1.595
-1.585
-1.595
-1.598
-1.598
-1.590
-1.602
-1.593
-1.595
-1.590
-1.590
-1.580
-1.595
-1.588
-1.590
-1.595
-1.602
-1.595
-1.451
-1.473
-1.490
-1.485
-1.490
-1.483
-1.478
-1.490
-1.485
-1.498
-1.485
-1.507
-1.478
-1.502
-1.498
-1.488
-1.515
-1.478
-1.502
-1.490
-1.495
-1.380
-1.393
-1.388
-1.368
-1.383
-1.368
-1.371
-1.378
-1.380
-1.368
-1.376
-1.368
-1.371
-1.368
-1.371
-1.378
-1.368
-1.361
-1.373
-1.361
-1.359
-1.285
-1.285
-1.278
-1.273
-1.276
-1.273
-1.283
-1.271
-1.278
-1.280
-1.280
-1.285
-1.276
-1.273
-1.266
-1.273
-1.266
-1.268
-1.268
-1.266
-1.254
-1.215
-1.198
-1.202
-1.188
-1.198
-1.188
-1.188
-1.190
-1.188
-1.188
-1.193
-1.185
-1.190
-1.188
-1.185
-1.195
-1.185
-1.185
-1.185
-1.183
-1.173
-1.139
-1.134
-1.124
-1.117
-1.117
-1.124
-1.115
-1.127
-1.117
-1.124
-1.112
-1.120
-1.112
-1.112
-1.115
-1.110
-1.098
-1.115
-1.107
-1.105
-1.100
-1.073
-1.068
-1.061
-1.063
-1.054
-1.059
-1.051
-1.044
-1.051
-1.054
-1.037
-1.056
-1.051
-1.054
-1.041
-1.051
-1.046
-1.049
-1.046
-1.034
-1.032
-1.020
-1.007
-1.002
-0.998
-1.000
-1.000
-0.995
-0.993
-1.005
-0.988
-0.988
-0.995
-0.988
-0.990
-0.985
-0.983
-0.985
-0.990
-0.985
-0.980
-0.980
-0.956
-0.949
-0.946
-0.949
-0.954
-0.939
-0.944
-0.937
-0.941
-0.944
-0.932
-0.937
-0.929
-0.939
-0.939
-0.937
-0.941
-0.932
-0.929
-0.927
-0.929
-0.915
-0.907
-0.905
-0.912
-0.898
-0.898
-0.893
-0.898
-0.905
-0.895
-0.890
-0.900
-0.888
-0.890
-0.893
-0.888
-0.890
-0.890
-0.885
-0.885
-0.878
-0.871
-0.863
-0.856
-0.859
-0.856
-0.849
-0.859
-0.859
-0.851
-0.859
-0.846
-0.859
-0.849
-0.849
-0.846
-0.846
-0.844
-0.839
-0.829
-0.834
-0.834
-0.829
-0.824
-0.822
-0.824
-0.812
-0.820
-0.820
-0.810
-0.807
-0.812
-0.802
-0.807
-0.798
-0.807
-0.805
-0.800
-0.800
-0.805
-0.795
-0.798
-0.802
-0.790
-0.790
-0.778
-0.788
-0.785
-0.773
-0.773
-0.778
-0.771
-0.771
-0.776
-0.778
-0.780
-0.766
-0.773
-0.768
-0.763
-0.763
-0.773
-0.761
-0.766
-0.759
-0.746
-0.744
-0.759
-0.746
-0.744
-0.741
-0.749
-0.734
-0.754
-0.737
-0.741
-0.741
-0.729
-0.737
-0.737
-0.737
-0.734
-0.729
-0.732
-0.732
-0.724
-0.732
-0.710
-0.720
-0.715
-0.712
-0.717
-0.715
-0.715
-0.705
-0.710
-0.710
-0.707
-0.702
-0.710
-0.700
-0.698
-0.705
-0.695
-0.698
-0.707
-0.693
-0.688
-0.695
-0.690
-0.680
-0.678
-0.685
-0.678
-0.680
-0.685
-0.676
-0.676
-0.683
-0.678
-0.676
-0.678
-0.671
-0.673
-0.668
-0.673
-0.661
-0.663
-0.663
-0.668
-0.651
-0.661
-0.659
-0.654
-0.661
-0.656
-0.651
-0.656
-0.646
-0.656
-0.654
-0.641
-0.649
-0.641
-0.639
-0.649
-0.646
-0.641
-0.637
-0.646
-0.644
-0.624
-0.644
-0.634
-0.632
-0.624
-0.629
-0.627
-0.627
-0.632
-0.624
-0.627
-0.620
-0.617
-0.632
-0.624
-0.617
-0.622
-0.622
-0.615
-0.617
-0.610
-0.612
-0.610
-0.610
-0.615
-0.607
-0.610
-0.612
-0.610
-0.602
-0.615
-0.605
-0.600
-0.607
-0.605
-0.583
-0.607
-0.595
-0.600
-0.600
-0.602
-0.585
-0.593
-0.590
-0.593
-0.583
-0.593
-0.580
-0.580
-0.585
-0.578
-0.585
-0.583
-0.578
-0.580
-0.585
-0.583
-0.578
-0.580
-0.568
-0.576
-0.573
-0.573
-0.571
-0.571
-0.571
-0.563
-0.568
-0.566
-0.566
-0.568
-0.568
-0.563
-0.571
-0.554
-0.563
-0.554
-0.559
-0.556
-0.551
-0.551
-0.566
-0.546
-0.549
-0.549
-0.551
-0.544
-0.563
-0.551
-0.537
-0.551
-0.541
-0.541
-0.549
-0.537
-0.539
-0.549
-0.537
-0.544
-0.534
-0.537
-0.537
-0.532
-0.534
-0.527
-0.529
-0.537
-0.529
-0.532
-0.527
-0.529
-0.512
-0.529
-0.527
-0.520
-0.527
-0.520
-0.517
-0.522
-0.520
-0.522
-0.517
-0.524
-0.517
-0.517
-0.515
-0.520
-0.515
-0.510
-0.505
-0.510
-0.515
-0.510
-0.507
-0.520
-0.500
-0.512
-0.502
-0.505
-0.500
-0.505
-0.502
-0.507
-0.500
-0.502
-0.498
-0.495
-0.500
-0.495
-0.512
-0.488
-0.498
-0.493
-0.488
-0.493
-0.498
-0.485
-0.495
-0.483
-0.490
-0.493
-0.488
-0.495
-0.480
-0.490
-0.485
-0.485
-0.483
-0.488
-0.478
-0.476
-0.483
-0.468
-0.483
-0.478
-0.480
-0.471
-0.473
-0.473
-0.476
-0.473
-0.483
-0.466
-0.473
-0.471
-0.471
-0.471
-0.463
-0.476
-0.463
-0.466
-0.476
-0.466
-0.468
-0.466
-0.466
-0.463
-0.471
-0.451
-0.463
-0.461
-0.459
-0.461
-0.459
-0.468
-0.461
-0.459
-0.454
-0.454
-0.454
-0.466
-0.449
-0.461
-0.459
-0.449
-0.454
-0.451
-0.451
-0.444
-0.449
-0.451
-0.444
-0.454
-0.451
-0.441
-0.449
-0.444
-0.444
-0.449
-0.444
-0.446
-0.439
-0.437
-0.434
-0.446
-0.437
-0.437
-0.437
-0.432
-0.437
-0.437
-0.441
-0.432
-0.434
-0.437
-0.432
-0.439
-0.432
-0.437
-0.434
-0.427
-0.429
-0.427
-0.434
-0.427
-0.429
-0.424
-0.432
-0.420
-0.434
-0.427
-0.434
-0.420
-0.427
-0.420
-0.422
-0.424
-0.427
-0.410
-0.429
-0.412
-0.420
-0.424
-0.420
-0.415
-0.415
-0.420
-0.415
-0.417
-0.407
-0.417
-0.407
-0.417
-0.410
-0.410
-0.422
-0.393
-0.417
-0.415
-0.410
-0.410
-0.420
-0.407
-0.410
-0.412
-0.390
-0.412
-0.400
-0.402
-0.400
-0.400
-0.402
-0.400
-0.407
-0.398
-0.398
-0.402
-0.393
-0.402
-0.402
-0.388
-0.400
-0.393
-0.398
-0.398
-0.405
-0.385
-0.398
-0.398
-0.390
-0.407
-0.380
-0.395
-0.393
-0.400
-0.373
-0.393
-0.390
-0.380
-0.398
-0.393
-0.385
-0.380
-0.395
-0.383
-0.380
-0.378
-0.376
-0.395
-0.380
-0.378
-0.390
-0.376
-0.378
-0.380
-0.388
-0.376
-0.376
-0.378
-0.376
-0.380
-0.368
-0.378
-0.378
-0.383
-0.371
-0.368
-0.378
-0.371
-0.373
-0.373
-0.371
-0.368
-0.371
-0.368
-0.368
-0.376
-0.376
-0.366
-0.366
-0.371
-0.366
-0.363
-0.366
-0.368
-0.366
-0.366
-0.361
-0.363
-0.371
-0.361
-0.363
-0.356
-0.371
-0.361
-0.359
-0.361
-0.359
-0.361
-0.361
-0.356
-0.354
-0.361
-0.356
-0.361
-0.363
-0.359
-0.359
-0.361
-0.351
-0.356
-0.354
-0.346
-0.356
-0.346
-0.349
-0.351
-0.349
-0.361
-0.349
-0.349
-0.354
-0.354
-0.349
-0.349
-0.349
-0.349
-0.344
-0.341
-0.349
-0.349
-0.344
-0.346
-0.354
-0.344
-0.346
-0.341
-0.346
-0.341
-0.349
-0.341
-0.334
-0.346
-0.341
-0.329
-0.339
-0.329
-0.341
-0.339
-0.346
-0.337
-0.332
-0.332
-0.332
-0.337
-0.341
-0.337
-0.339
-0.334
-0.334
-0.334
-0.339
-0.341
-0.327
-0.341
-0.327
-0.339
-0.332
-0.334
-0.327
-0.332
-0.339
-0.324
-0.337
-0.324
-0.337
-0.324
-0.324
-0.327
-0.329
-0.329
-0.329
-0.317
-0.329
-0.322
-0.324
-0.327
-0.312
-0.322
-0.327
-0.327
-0.324
-0.327
-0.322
-0.320
-0.317
-0.327
-0.329
-0.322
-0.317
-0.324
-0.320
-0.315
-0.315
-0.324
-0.315
-0.317
-0.315
-0.315
-0.307
-0.320
-0.317
-0.322
-0.312
-0.322
-0.320
-0.317
-0.320
-0.310
-0.312
-0.310
-0.312
-0.317
-0.310
-0.315
-0.315
-0.312
-0.315
-0.315
-0.317
-0.320
-0.305
-0.322
-0.307
-0.312
-0.312
-0.302
-0.307
-0.302
-0.310
-0.310
-0.312
-0.305
-0.317
-0.310
-0.315
-0.302
-0.312
-0.302
-0.310
-0.307
-0.307
-0.298
-0.312
-0.300
-0.315
-0.310
-0.305
-0.310
-0.305
-0.300
-0.298
-0.300
-0.305
-0.295
-0.305
-0.298
-0.307
-0.293
-0.305
-0.295
-0.300
-0.302
-0.300
-0.300
-0.295
-0.293
-0.298
-0.288
-0.298
-0.298
-0.293
-0.298
-0.302
-0.295
-0.298
-0.288
-0.298
-0.293
-0.290
-0.300
-0.290
-0.295
-0.293
-0.290
-0.295
-0.293
-0.293
-0.290
-0.293
-0.298
-0.288
-0.283
-0.295
-0.288
-0.293
-0.288
-0.295
-0.283
-0.290
-0.285
-0.285
-0.285
-0.285
-0.285
-0.283
-0.283
-0.280
-0.285
-0.283
-0.283
-0.283
-0.285
-0.283
-0.283
-0.285
-0.285
-0.278
-0.285
-0.283
-0.278
-0.285
-0.283
-0.283
-0.280
-0.280
-0.276
-0.278
-0.280
-0.276
-0.278
-0.278
-0.276
-0.276
-0.276
-0.278
-0.278
-0.283
-0.276
-0.273
-0.278
-0.276
-0.276
-0.278
-0.273
-0.268
-0.271
-0.276
-0.283
-0.276
-0.278
-0.276
-0.268
-0.273
-0.271
-0.276
-0.273
-0.276
-0.268
-0.268
-0.273
-0.271
-0.271
-0.273
-0.266
-0.273
-0.268
-0.268
-0.266
-0.273
-0.268
-0.273
-0.273
-0.266
-0.273
-0.261
-0.268
-0.266
-0.271
-0.261
-0.273
-0.271
-0.261
-0.259
-0.268
-0.259
-0.263
-0.268
-0.268
-0.261
-0.263
-0.263
-0.259
-0.261
-0.256
-0.263
-0.254
-0.251
-0.266
-0.259
-0.266
-0.256
-0.266
-0.263
-0.266
-0.261
-0.263
-0.261
-0.254
-0.261
-0.256
-0.259
-0.259
-0.254
-0.263
-0.256
-0.263
-0.256
-0.259
-0.261
-0.261
-0.251
-0.261
-0.256
-0.249
-0.256
-0.254
-0.246
-0.251
-0.256
-0.254
-0.259
-0.249
-0.249
-0.249
-0.256
-0.249
-0.254
-0.241
-0.251
-0.254
-0.254
-0.246
-0.244
-0.246
-0.249
-0.246
-0.259
-0.259
-0.246
-0.246
-0.249
-0.244
-0.249
-0.246
-0.249
-0.249
-0.244
-0.246
-0.244
-0.241
-0.246
-0.241
-0.244
-0.239
-0.244
-0.249
-0.241
-0.239
-0.246
-0.237
-0.244
-0.259
-0.239
-0.244
-0.232
-0.256
-0.227
-0.249
-0.232
-0.249
-0.241
-0.224
-0.244
-0.232
-0.241
-0.234
-0.241
-0.239
-0.237
-0.249
-0.227
-0.241
-0.227
-0.246
-0.224
-0.254
-0.229
-0.234
-0.237
-0.224
-0.246
-0.224
-0.234
-0.229
-0.246
-0.234
-0.237
-0.229
-0.232
-0.241
-0.241
-0.237
-0.227
-0.237
-0.239
-0.234
-0.224
-0.222
-0.224
-0.246
-0.229
-0.234
-0.232
-0.224
-0.232
-0.234
-0.237
-0.222
-0.237
-0.224
-0.227
-0.227
-0.227
-0.234
-0.229
-0.222
-0.234
-0.222
-0.234
-0.227
-0.227
-0.229
-0.234
-0.217
-0.232
-0.224
-0.232
-0.229
-0.229
-0.220
-0.224
-0.227
-0.222
-0.232
-0.224
-0.229
-0.222
-0.229
-0.217
-0.222
-0.217
-0.222
-0.220
-0.227
-0.215
-0.232
-0.220
-0.217
-0.222
-0.207
-0.229
-0.217
-0.224
-0.220
-0.220
-0.217
-0.220
-0.220
-0.222
-0.215
-0.215
-0.222
-0.222
-0.220
-0.222
-0.217
-0.205
-0.222
-0.217
-0.212
-0.212
-0.222
-0.207
-0.220
-0.210
-0.215
-0.224
-0.212
-0.217
-0.210
-0.217
-0.217
-0.212
-0.215
-0.222
-0.212
-0.220
-0.212
-0.215
-0.220
-0.207
-0.217
-0.210
-0.215
-0.217
-0.207
-0.215
-0.215
-0.207
-0.215
-0.210
-0.210
-0.215
-0.205
-0.210
-0.205
-0.215
-0.205
-0.210
-0.207
-0.205
-0.207
-0.217
-0.210
-0.210
-0.207
-0.215
-0.207
-0.205
-0.207
-0.200
-0.205
-0.210
-0.205
-0.207
-0.212
-0.202
-0.205
-0.207
-0.198
-0.210
-0.202
-0.205
-0.198
-0.205
-0.202
-0.200
-0.205
-0.207
-0.198
-0.205
-0.205
-0.200
-0.207
-0.205
-0.198
-0.202
-0.198
-0.195
-0.205
-0.200
-0.200
-0.198
-0.205
-0.200
-0.210
-0.200
-0.210
-0.202
-0.198
-0.200
-0.195
-0.205
-0.198
-0.198
-0.198
-0.195
-0.202
-0.198
-0.198
-0.202
-0.200
-0.195
-0.200
-0.195
-0.198
-0.195
-0.195
-0.195
-0.200
-0.190
-0.205
-0.193
-0.200
-0.198
-0.200
-0.198
-0.205
-0.205
-0.188
-0.190
-0.205
-0.195
-0.202
-0.193
-0.193
-0.195
-0.190
-0.190
-0.188
-0.195
-0.193
-0.193
-0.198
-0.198
-0.195
-0.193
-0.190
-0.193
-0.188
-0.193
-0.190
-0.193
-0.193
-0.185
-0.193
-0.190
-0.200
-0.188
-0.202
-0.183
-0.190
-0.188
-0.188
-0.198
-0.193
-0.176
-0.183
-0.188
-0.198
-0.188
-0.188
-0.188
-0.183
-0.198
-0.183
-0.198
-0.185
-0.183
-0.183
-0.183
-0.180
-0.190
-0.176
-0.195
-0.180
-0.185
-0.183
-0.188
-0.200
-0.183
-0.178
-0.188
-0.183
-0.178
-0.180
-0.188
-0.185
-0.176
-0.193
-0.183
-0.183
-0.193
-0.190
-0.183
-0.173
-0.183
-0.180
-0.178
-0.183
-0.185
-0.183
-0.173
-0.185
-0.180
-0.188
-0.180
-0.173
-0.183
-0.180
-0.176
-0.178
-0.188
-0.178
-0.180
-0.173
-0.180
-0.180
-0.178
-0.183
-0.173
-0.183
-0.183
-0.168
-0.185
-0.171
-0.178
-0.168
-0.178
-0.176
-0.176
-0.180
-0.168
-0.185
-0.173
-0.171
-0.176
-0.173
-0.183
-0.183
-0.171
-0.173
-0.173
-0.183
-0.171
-0.171
-0.173
-0.176
-0.180
-0.166
-0.173
-0.173
-0.180
-0.178
-0.168
-0.185
-0.173
-0.166
-0.176
-0.171
-0.178
-0.166
-0.171
-0.171
-0.168
-0.171
-0.173
-0.176
-0.166
-0.161
-0.176
-0.168
-0.178
-0.176
-0.156
-0.176
-0.168
-0.185
-0.161
-0.173
-0.173
-0.161
-0.176
-0.166
-0.176
-0.166
-0.176
-0.149
-0.173
-0.180
-0.156
-0.171
-0.168
-0.159
-0.178
-0.168
-0.154
-0.183
-0.163
-0.163
-0.166
-0.173
-0.151
-0.166
-0.168
-0.156
-0.163
-0.166
-0.168
-0.168
-0.180
-0.149
-0.173
-0.166
-0.149
-0.171
-0.178
-0.161
-0.166
-0.163
-0.154
-0.163
-0.176
-0.156
-0.163
-0.173
-0.141
-0.156
-0.168
-0.141
-0.171
-0.178
-0.144
-0.171
-0.176
-0.161
-0.149
-0.166
-0.149
-0.156
-0.161
-0.161
-0.159
-0.178
-0.159
-0.146
-0.168
-0.161
-0.168
-0.163
-0.163
-0.149
-0.168
-0.154
-0.141
-0.173
-0.141
-0.151
-0.156
-0.168
-0.139
-0.161
-0.166
-0.144
-0.171
-0.159
-0.156
-0.141
-0.159
-0.166
-0.134
-0.159
-0.151
-0.171
-0.151
-0.161
-0.161
-0.137
-0.161
-0.163
-0.159
-0.146
-0.166
-0.161
-0.159
-0.141
-0.168
-0.124
-0.176
-0.146
-0.139
-0.176
-0.141
-0.154
-0.129
-0.146
-0.146
-0.154
-0.156
-0.139
-0.161
-0.144
-0.149
-0.154
-0.154
-0.154
-0.159
-0.151
-0.168
-0.141
-0.159
-0.151
-0.154
-0.149
-0.161
-0.154
-0.124
-0.156
-0.149
-0.149
-0.144
-0.151
-0.161
-0.139
-0.137
-0.163
-0.151
-0.149
-0.139
-0.159
-0.149
-0.137
-0.137
-0.115
-0.161
-0.139
-0.149
-0.151
-0.144
-0.144
-0.144
-0.139
-0.166
-0.137
-0.151
-0.149
-0.129
-0.139
-0.144
-0.156
-0.120
-0.154
-0.149
-0.141
-0.127
-0.144
-0.132
-0.159
-0.141
-0.144
-0.144
-0.144
-0.127
-0.137
-0.144
-0.151
-0.144
-0.129
-0.141
-0.132
-0.137
-0.141
-0.132
-0.154
-0.134
-0.134
-0.141
-0.137
-0.132
-0.139
-0.127
-0.139
-0.124
-0.122
-0.146
-0.122
-0.129
-0.134
-0.122
-0.141
-0.110
-0.146
-0.122
-0.146
-0.120
-0.129
-0.146
-0.137
-0.129
-0.141
-0.151
-0.144
-0.149
-0.132
-0.144
-0.144
-0.139
-0.154
-0.144
-0.134
-0.151
-0.134
-0.132
-0.139
-0.141
-0.146
-0.141
-0.139
-0.159
-0.137
-0.149
-0.149
-0.154
-0.154
-0.171
-0.149
-0.173
-0.154
-0.159
-0.141
-0.151
-0.141
2.220
2.093
2.102
2.112
2.120
2.112
2.115
2.112
2.120
2.112
2.100
2.110
2.120
2.107
2.122
2.115
2.120
2.112
2.132
2.105
2.115
1.934
1.966
2.002
2.012
1.998
2.017
2.005
2.012
2.017
1.995
2.012
2.000
2.015
2.012
1.998
2.012
2.002
2.015
2.012
2.012
2.015
1.898
1.890
1.893
1.883
1.890
1.893
1.880
1.880
1.890
1.883
1.883
1.883
1.883
1.880
1.876
1.888
1.880
1.880
1.878
1.880
1.880
1.805
1.793
1.780
1.783
1.780
1.785
1.783
1.778
1.780
1.785
1.798
1.768
1.780
1.780
1.776
1.785
1.773
1.778
1.751
1.783
1.773
1.724
1.707
1.698
1.695
1.700
1.695
1.695
1.690
1.698
1.688
1.690
1.702
1.698
1.688
1.695
1.685
1.690
1.693
1.685
1.685
1.685
1.644
1.629
1.629
1.624
1.622
1.632
1.624
1.615
1.622
1.629
1.612
1.617
1.617
1.610
1.607
1.617
1.612
1.610
1.610
1.600
1.612
1.588
1.559
1.561
1.556
1.556
1.561
1.551
1.554
1.541
1.549
1.546
1.544
1.554
1.541
1.534
1.546
1.541
1.539
1.541
1.544
1.534
1.515
1.510
1.485
1.498
1.498
1.500
1.495
1.495
1.485
1.490
1.493
1.488
1.490
1.483
1.480
1.483
1.483
1.483
1.476
1.476
1.483
1.456
1.456
1.454
1.446
1.441
1.441
1.434
1.424
1.451
1.434
1.439
1.441
1.439
1.432
1.422
1.429
1.437
1.422
1.427
1.432
1.410
1.415
1.402
1.400
1.398
1.388
1.400
1.393
1.388
1.385
1.380
1.390
1.380
1.383
1.393
1.376
1.380
1.378
1.380
1.383
1.371
1.378
1.366
1.354
1.356
1.354
1.341
1.354
1.341
1.351
1.337
1.341
1.346
1.346
1.341
1.339
1.332
1.339
1.329
1.329
1.332
1.332
1.332
1.324
1.310
1.320
1.305
1.310
1.305
1.312
1.305
1.302
1.312
1.295
1.300
1.302
1.298
1.310
1.300
1.290
1.290
1.295
1.290
1.280
1.290
1.271
1.276
1.273
1.271
1.268
1.276
1.263
1.271
1.261
1.263
1.266
1.256
1.256
1.251
1.256
1.256
1.251
1.256
1.263
1.246
1.246
1.244
1.241
1.244
1.234
1.237
1.229
1.239
1.232
1.234
1.229
1.229
1.232
1.220
1.222
1.229
1.217
1.227
1.224
1.215
1.220
1.210
1.215
1.210
1.210
1.207
1.205
1.205
1.200
1.198
1.200
1.200
1.190
1.195
1.200
1.200
1.190
1.188
1.195
1.195
1.195
1.183
1.185
1.180
1.178
1.176
1.178
1.180
1.176
1.176
1.166
1.176
1.166
1.171
1.171
1.168
1.163
1.173
1.163
1.166
1.154
1.159
1.151
1.156
1.168
1.134
1.159
1.132
1.161
1.137
1.146
1.146
1.134
1.154
1.141
1.139
1.144
1.139
1.139
1.139
1.137
1.129
1.127
1.132
1.137
1.127
1.129
1.124
1.124
1.134
1.124
1.124
1.117
1.122
1.115
1.110
1.117
1.112
1.110
1.110
1.110
1.117
1.110
1.110
1.105
1.098
1.100
1.107
1.105
1.100
1.100
1.098
1.090
1.095
1.107
1.095
1.100
1.090
1.095
1.088
1.085
1.090
1.083
1.093
1.080
1.085
1.085
1.078
1.076
1.083
1.078
1.076
1.073
1.076
1.071
1.066
1.073
1.063
1.071
1.073
1.066
1.068
1.066
1.073
1.061
1.066
1.066
1.071
1.054
1.056
1.054
1.046
1.061
1.054
1.049
1.054
1.056
1.049
1.056
1.049
1.044
1.054
1.049
1.051
1.039
1.049
1.046
1.041
1.044
1.039
1.039
1.046
1.032
1.041
1.024
1.034
1.037
1.032
1.034
1.032
1.027
1.034
1.029
1.027
1.029
1.032
1.027
1.022
1.032
1.012
1.027
1.022
1.012
1.027
1.020
1.017
1.024
1.015
1.020
1.012
1.017
1.012
1.007
1.017
0.995
1.010
1.010
1.007
1.012
1.007
1.017
0.993
1.010
0.995
1.007
1.012
0.983
1.010
0.978
1.000
0.988
1.007
0.995
0.983
1.012
0.988
1.007
0.980
0.993
0.980
0.985
0.988
0.980
0.998
0.978
0.978
0.993
0.985
0.988
0.978
0.980
0.985
0.973
0.980
0.978
0.980
0.978
0.978
0.976
0.971
0.971
0.978
0.973
0.971
0.973
0.968
0.973
0.973
0.966
0.963
0.963
0.966
0.968
0.966
0.968
0.966
0.959
0.961
0.963
0.961
0.961
0.959
0.968
0.956
0.963
0.961
0.966
0.946
0.956
0.951
0.949
0.954
0.949
0.951
0.951
0.944
0.951
0.956
0.954
0.944
0.949
0.941
0.951
0.944
0.944
0.944
0.937
0.946
0.937
0.934
0.946
0.941
0.939
0.939
0.934
0.937
0.941
0.937
0.937
0.932
0.929
0.924
0.939
0.937
0.934
0.937
0.922
0.929
0.924
0.920
0.944
0.920
0.924
0.924
0.912
0.927
0.920
0.927
0.927
0.924
0.917
0.924
0.927
0.924
0.907
0.917
0.912
0.917
0.922
0.920
0.920
0.917
0.922
0.915
0.915
0.917
0.907
0.915
0.910
0.905
0.915
0.910
0.907
0.912
0.905
0.905
0.905
0.900
0.902
0.907
0.905
0.902
0.912
0.902
0.902
0.905
0.898
0.907
0.895
0.898
0.898
0.900
0.895
0.902
0.900
0.900
0.898
0.898
0.898
0.893
0.893
0.898
0.898
0.890
0.888
0.883
0.888
0.888
0.895
0.888
0.883
0.888
0.885
0.888
0.883
0.885
0.885
0.883
0.883
0.888
0.883
0.885
0.878
0.883
0.885
0.885
0.885
0.883
0.876
0.868
0.876
0.880
0.880
0.876
0.876
0.880
0.878
0.878
0.873
0.878
0.876
0.878
0.871
0.873
0.871
0.861
0.873
0.871
0.863
0.871
0.871
0.866
0.876
0.868
0.863
0.871
0.868
0.876
0.863
0.866
0.861
0.859
0.863
0.871
0.861
0.863
0.863
0.854
0.863
0.861
0.861
0.863
0.856
0.861
0.859
0.849
0.856
0.859
0.851
0.854
0.859
0.854
0.844
0.863
0.841
0.856
0.859
0.839
0.859
0.849
0.868
0.841
0.863
0.841
0.856
0.849
0.832
0.859
0.834
0.859
0.834
0.861
0.834
0.863
0.837
0.837
0.854
0.839
0.846
0.844
0.844
0.834
0.849
0.844
0.824
0.849
0.834
0.839
0.841
0.844
0.841
0.827
0.846
0.839
0.834
0.851
0.832
0.837
0.829
0.827
0.839
0.834
0.837
0.844
0.827
0.837
0.832
0.820
0.832
0.827
0.834
0.827
0.827
0.822
0.832
0.827
0.827
0.829
0.832
0.824
0.827
0.824
0.815
0.824
0.827
0.822
0.824
0.824
0.829
0.822
0.827
0.822
0.822
0.820
0.822
0.827
0.827
0.810
0.817
0.824
0.822
0.815
0.820
0.815
0.817
0.812
0.820
0.822
0.815
0.807
0.822
0.810
0.817
0.810
0.812
0.820
0.810
0.815
0.812
0.802
0.810
0.810
0.812
0.812
0.812
0.812
0.805
0.807
0.815
0.802
0.810
0.812
0.805
0.812
0.812
0.802
0.805
0.805
0.800
0.807
0.805
0.812
0.800
0.805
0.805
0.805
0.805
0.802
0.802
0.807
0.793
0.800
0.798
0.800
0.805
0.805
0.800
0.800
0.795
0.790
0.800
0.802
0.798
0.798
0.795
0.793
0.793
0.802
0.790
0.795
0.793
0.798
0.798
0.798
0.785
0.793
0.788
0.785
0.798
0.785
0.795
0.795
0.793
0.795
0.788
0.795
0.790
0.788
0.790
0.793
0.788
0.780
0.795
0.790
0.788
0.780
0.788
0.788
0.785
0.795
0.780
0.788
0.783
0.785
0.785
0.788
0.783
0.780
0.776
0.785
0.785
0.773
0.790
0.783
0.783
0.778
0.783
0.783
0.785
0.776
0.778
0.780
0.783
0.780
0.778
0.776
0.778
0.778
0.780
0.778
0.776
0.780
0.778
0.778
0.776
0.776
0.776
0.773
0.778
0.773
0.776
0.768
0.768
0.776
0.771
0.766
0.773
0.773
0.776
0.768
0.771
0.778
0.766
0.766
0.776
0.766
0.768
0.763
0.763
0.776
0.768
0.763
0.773
0.763
0.761
0.761
0.766
0.768
0.761
0.759
0.763
0.759
0.766
0.768
0.761
0.763
0.759
0.761
0.768
0.761
0.766
0.761
0.761
0.756
0.763
0.771
0.756
0.761
0.761
0.763
0.761
0.759
0.766
0.754
0.761
0.756
0.756
0.761
0.761
0.759
0.756
0.759
0.746
0.751
0.759
0.759
0.756
0.751
0.751
0.763
0.754
0.761
0.749
0.761
0.754
0.754
0.751
0.749
0.751
0.749
0.754
0.749
0.759
0.756
0.754
0.749
0.756
0.746
0.754
0.749
0.751
0.746
0.746
0.739
0.749
0.751
0.746
0.746
0.754
0.751
0.754
0.746
0.749
0.749
0.744
0.749
0.751
0.737
0.741
0.744
0.749
0.749
0.749
0.744
0.751
0.744
0.749
0.744
0.744
0.744
0.741
0.741
0.739
0.741
0.746
0.741
0.739
0.746
0.737
0.739
0.744
0.734
0.737
0.746
0.737
0.739
0.737
0.741
0.741
0.734
0.746
0.739
0.734
0.741
0.737
0.749
0.724
0.732
0.734
0.739
0.737
0.737
0.739
0.737
0.722
0.737
0.739
0.734
0.737
0.732
0.732
0.727
0.729
0.732
0.739
0.729
0.727
0.727
0.724
0.727
0.732
0.732
0.732
0.732
0.729
0.727
0.729
0.727
0.734
0.724
0.732
0.727
0.729
0.729
0.727
0.724
0.727
0.724
0.732
0.729
0.729
0.720
0.722
0.729
0.724
0.732
0.720
0.722
0.727
0.722
0.722
0.722
0.729
0.717
0.724
0.727
0.717
0.724
0.724
0.722
0.724
0.720
0.724
0.717
0.724
0.727
0.717
0.717
0.727
0.722
0.722
0.715
0.724
0.712
0.727
0.720
0.720
0.720
0.717
0.727
0.712
0.724
0.715
0.717
0.717
0.715
0.715
0.720
0.720
0.715
0.720
0.712
0.720
0.722
0.722
0.705
0.722
0.720
0.715
0.722
0.715
0.722
0.712
0.712
0.702
0.715
0.720
0.712
0.715
0.710
0.707
0.710
0.707
0.724
0.710
0.715
0.707
0.705
0.720
0.720
0.702
0.712
0.707
0.715
0.707
0.715
0.700
0.715
0.712
0.712
0.712
0.720
0.700
0.717
0.702
0.715
0.700
0.705
0.707
0.710
0.710
0.700
0.707
0.710
0.702
0.715
0.702
0.712
0.698
0.698
0.710
0.707
0.702
0.702
0.700
0.705
0.700
0.707
0.702
0.705
0.707
0.698
0.702
0.705
0.698
0.710
0.705
0.700
0.705
0.707
0.698
0.695
0.698
0.702
0.698
0.705
0.705
0.693
0.700
0.710
0.685
0.710
0.695
0.702
0.698
0.707
0.693
0.700
0.710
0.688
0.712
0.680
0.707
0.705
0.698
0.685
0.700
0.702
0.690
0.702
0.695
0.693
0.688
0.705
0.680
0.702
0.700
0.688
0.705
0.685
0.698
0.690
0.700
0.693
0.693
0.700
0.688
0.698
0.685
0.710
0.683
0.707
0.695
0.688
0.702
0.685
0.710
0.671
0.700
0.678
0.705
0.690
0.688
0.700
0.680
0.712
0.678
0.705
0.688
0.693
0.688
0.685
0.700
0.683
0.690
0.688
0.695
0.695
0.688
0.693
0.678
0.707
0.680
0.688
0.685
0.678
0.690
0.698
0.688
0.690
0.693
0.685
0.695
0.683
0.698
0.673
0.698
0.688
0.683
0.688
0.678
0.680
0.676
0.702
0.668
0.702
0.680
0.685
0.683
0.685
0.688
0.671
0.688
0.673
0.693
0.680
0.676
0.688
0.680
0.693
0.680
0.690
0.688
0.680
0.690
0.678
0.688
0.683
0.680
0.685
0.676
0.685
0.680
0.673
0.685
0.680
0.678
0.685
0.668
0.678
0.678
0.685
0.676
0.678
0.680
0.678
0.678
0.688
0.680
0.680
0.678
0.668
0.678
0.673
0.680
0.678
0.683
0.683
0.680
0.683
0.678
0.678
0.676
0.678
0.678
0.671
0.678
0.683
0.673
0.676
0.678
0.663
0.683
0.680
0.668
0.678
0.673
0.673
0.668
0.683
0.671
0.676
0.678
0.676
0.673
0.678
0.676
0.680
0.673
0.683
0.668
0.676
0.671
0.673
0.678
0.663
0.678
0.668
0.666
0.676
0.663
0.680
0.666
0.683
0.671
0.678
0.668
0.661
0.668
0.668
0.676
0.666
0.676
0.673
0.668
0.671
0.671
0.673
0.673
0.659
0.673
0.663
0.671
0.678
0.668
0.673
0.673
0.666
0.678
0.673
0.659
0.661
0.673
0.673
0.668
0.673
0.661
0.668
0.666
0.673
0.668
0.668
0.661
0.666
0.666
0.661
0.668
0.666
0.671
0.668
0.666
0.671
0.661
0.668
0.668
0.673
0.659
0.671
0.663
0.663
0.661
0.661
0.666
0.671
0.661
0.673
0.663
0.661
0.666
0.661
0.668
0.668
0.666
0.666
0.656
0.661
0.661
0.659
0.666
0.663
0.663
0.656
0.649
0.661
0.666
0.663
0.668
0.659
0.663
0.659
0.654
0.663
0.663
0.654
0.661
0.661
0.671
0.656
0.661
0.659
0.661
0.656
0.656
0.663
0.663
0.654
0.651
0.666
0.663
0.651
0.659
0.656
0.661
0.656
0.659
0.661
0.654
0.656
0.656
0.659
0.661
0.659
0.654
0.659
0.654
0.654
0.661
0.656
0.656
0.651
0.659
0.654
0.659
0.656
0.656
0.659
0.651
0.649
0.656
0.659
0.654
0.656
0.654
0.641
0.656
0.656
0.663
0.654
0.656
0.651
0.649
0.649
0.659
0.651
0.656
0.651
0.656
0.656
0.654
0.651
0.651
0.651
0.659
0.651
0.659
0.651
0.646
0.644
0.651
0.649
0.656
0.651
0.651
0.654
0.656
0.649
0.651
0.654
0.656
0.644
0.659
0.654
0.644
0.649
0.654
0.651
0.656
0.641
0.649
0.651
0.641
0.649
0.656
0.644
0.654
0.651
0.659
0.644
0.646
0.649
0.651
0.641
0.654
0.649
0.649
0.649
0.649
0.641
0.651
0.646
0.646
0.646
0.649
0.646
0.649
0.651
0.641
0.649
0.649
0.639
0.646
0.656
0.639
0.654
0.646
0.651
0.641
0.651
0.646
0.639
0.641
0.654
0.639
0.646
0.639
0.641
0.649
0.639
0.649
0.649
0.644
0.654
0.641
0.644
0.641
0.651
0.646
0.641
0.646
0.644
0.641
0.651
0.644
0.654
0.641
0.634
0.649
0.646
0.639
0.646
0.639
0.641
0.639
0.649
0.644
0.644
0.637
0.644
0.634
0.651
0.641
0.646
0.641
0.632
0.644
0.637
0.639
0.641
0.639
0.641
0.634
0.651
0.646
0.644
0.639
0.646
0.637
0.646
0.634
0.634
0.649
0.632
0.634
0.644
0.637
0.637
0.637
0.639
0.639
0.641
0.637
0.637
0.641
0.634
0.639
0.627
0.644
0.641
0.639
0.641
0.634
0.639
0.634
0.644
0.634
0.639
0.637
0.639
0.634
0.639
0.646
0.632
0.639
0.634
0.644
0.632
0.639
0.627
0.644
0.632
0.639
0.644
0.634
0.634
0.634
0.641
0.632
0.637
0.632
0.641
0.629
0.627
0.632
0.634
0.644
0.641
0.632
0.639
0.632
0.644
0.627
0.641
0.634
0.634
0.637
0.629
0.632
0.639
0.634
0.627
0.639
0.629
0.637
0.634
0.634
0.622
0.639
0.627
0.627
0.639
0.634
0.632
0.634
0.627
0.634
0.639
0.632
0.634
0.639
0.632
0.629
0.634
0.629
0.627
0.632
0.634
0.624
0.637
0.629
0.639
0.632
0.639
0.627
0.637
0.634
0.629
0.620
0.624
0.629
0.624
0.632
0.629
0.634
0.622
0.632
0.634
0.629
0.639
0.624
0.624
0.634
0.624
0.632
0.632
0.624
0.637
0.634
0.632
0.622
0.624
0.627
0.634
0.629
0.627
0.627
0.622
0.629
0.629
0.627
0.624
0.627
0.634
0.624
0.620
0.627
0.624
0.632
0.620
0.634
0.624
0.610
0.622
0.634
0.622
0.634
0.624
0.629
0.620
0.629
0.624
0.634
0.622
0.637
0.620
0.627
0.620
0.624
0.632
0.627
0.622
0.639
0.612
0.634
0.620
0.629
0.617
0.627
0.620
0.627
0.634
0.622
0.617
0.632
-1.437
-1.610
-1.571
-1.588
-1.595
-1.590
-1.590
-1.588
-1.580
-1.598
-1.583
-1.590
-1.595
-1.585
-1.595
-1.593
-1.595
-1.593
-1.600
-1.593
-1.593
-1.449
-1.466
-1.485
-1.490
-1.483
-1.485
-1.488
-1.488
-1.498
-1.493
-1.490
-1.483
-1.502
-1.485
-1.488
-1.495
-1.485
-1.483
-1.490
-1.500
-1.485
-1.400
-1.398
-1.373
-1.390
-1.368
-1.368
-1.373
-1.378
-1.368
-1.373
-1.368
-1.378
-1.368
-1.371
-1.366
-1.373
-1.373
-1.366
-1.371
-1.368
-1.366
-1.293
-1.280
-1.276
-1.268
-1.283
-1.280
-1.268
-1.271
-1.285
-1.273
-1.271
-1.273
-1.268
-1.266
-1.271
-1.273
-1.266
-1.276
-1.263
-1.271
-1.261
-1.212
-1.210
-1.198
-1.190
-1.190
-1.193
-1.193
-1.188
-1.195
-1.193
-1.190
-1.198
-1.193
-1.193
-1.188
-1.180
-1.190
-1.180
-1.176
-1.178
-1.180
-1.137
-1.129
-1.122
-1.122
-1.122
-1.132
-1.102
-1.122
-1.117
-1.110
-1.115
-1.112
-1.112
-1.115
-1.110
-1.105
-1.120
-1.107
-1.115
-1.105
-1.100
-1.080
-1.063
-1.063
-1.051
-1.061
-1.051
-1.049
-1.046
-1.051
-1.046
-1.056
-1.051
-1.049
-1.041
-1.051
-1.039
-1.051
-1.046
-1.039
-1.037
-1.041
-1.007
-1.007
-1.007
-0.990
-1.007
-0.995
-0.995
-0.993
-1.007
-0.988
-0.993
-0.990
-0.985
-0.983
-0.988
-0.983
-0.990
-0.980
-0.976
-0.983
-0.968
-0.961
-0.961
-0.944
-0.961
-0.944
-0.937
-0.944
-0.941
-0.941
-0.937
-0.929
-0.944
-0.915
-0.934
-0.934
-0.932
-0.937
-0.934
-0.937
-0.932
-0.922
-0.910
-0.915
-0.910
-0.898
-0.898
-0.900
-0.898
-0.900
-0.893
-0.888
-0.895
-0.888
-0.893
-0.895
-0.893
-0.890
-0.885
-0.876
-0.880
-0.880
-0.883
-0.866
-0.871
-0.859
-0.856
-0.861
-0.859
-0.856
-0.856
-0.849
-0.851
-0.849
-0.849
-0.851
-0.839
-0.846
-0.844
-0.839
-0.839
-0.837
-0.841
-0.837
-0.824
-0.822
-0.827
-0.817
-0.820
-0.815
-0.815
-0.807
-0.812
-0.807
-0.817
-0.805
-0.805
-0.807
-0.805
-0.800
-0.810
-0.795
-0.805
-0.810
-0.793
-0.780
-0.795
-0.783
-0.780
-0.780
-0.776
-0.771
-0.776
-0.776
-0.780
-0.771
-0.776
-0.771
-0.771
-0.766
-0.768
-0.759
-0.761
-0.766
-0.766
-0.756
-0.754
-0.751
-0.746
-0.749
-0.749
-0.751
-0.739
-0.741
-0.741
-0.737
-0.746
-0.734
-0.737
-0.734
-0.734
-0.734
-0.739
-0.737
-0.732
-0.724
-0.724
-0.722
-0.722
-0.720
-0.717
-0.720
-0.710
-0.715
-0.705
-0.715
-0.710
-0.710
-0.710
-0.698
-0.707
-0.707
-0.712
-0.690
-0.698
-0.695
-0.693
-0.702
-0.695
-0.693
-0.690
-0.690
-0.693
-0.685
-0.683
-0.688
-0.680
-0.676
-0.678
-0.683
-0.676
-0.683
-0.673
-0.673
-0.666
-0.673
-0.663
-0.661
-0.668
-0.661
-0.666
-0.659
-0.659
-0.651
-0.663
-0.659
-0.656
-0.649
-0.661
-0.651
-0.649
-0.641
-0.651
-0.644
-0.646
-0.649
-0.646
-0.649
-0.646
-0.637
-0.644
-0.639
-0.639
-0.634
-0.629
-0.632
-0.622
-0.634
-0.624
-0.627
-0.629
-0.622
-0.629
-0.624
-0.629
-0.620
-0.629
-0.620
-0.622
-0.615
-0.622
-0.605
-0.622
-0.610
-0.615
-0.615
-0.610
-0.612
-0.610
-0.610
-0.612
-0.612
-0.600
-0.610
-0.605
-0.593
-0.605
-0.605
-0.595
-0.602
-0.598
-0.595
-0.588
-0.590
-0.598
-0.588
-0.593
-0.590
-0.585
-0.580
-0.590
-0.585
-0.588
-0.580
-0.580
-0.588
-0.573
-0.590
-0.578
-0.578
-0.576
-0.573
-0.576
-0.576
-0.568
-0.578
-0.568
-0.573
-0.568
-0.568
-0.571
-0.568
-0.571
-0.559
-0.561
-0.559
-0.568
-0.559
-0.563
-0.556
-0.554
-0.551
-0.556
-0.554
-0.551
-0.544
-0.551
-0.546
-0.554
-0.563
-0.529
-0.549
-0.559
-0.541
-0.556
-0.541
-0.532
-0.537
-0.554
-0.537
-0.534
-0.546
-0.524
-0.549
-0.539
-0.532
-0.520
-0.546
-0.524
-0.534
-0.529
-0.529
-0.522
-0.534
-0.522
-0.522
-0.527
-0.520
-0.524
-0.520
-0.529
-0.510
-0.524
-0.517
-0.517
-0.522
-0.512
-0.512
-0.517
-0.510
-0.512
-0.512
-0.517
-0.515
-0.502
-0.507
-0.505
-0.510
-0.510
-0.510
-0.500
-0.500
-0.510
-0.498
-0.502
-0.505
-0.498
-0.495
-0.500
-0.500
-0.500
-0.493
-0.500
-0.488
-0.502
-0.490
-0.498
-0.493
-0.485
-0.493
-0.488
-0.490
-0.493
-0.488
-0.488
-0.490
-0.483
-0.493
-0.478
-0.488
-0.488
-0.478
-0.478
-0.480
-0.480
-0.480
-0.471
-0.483
-0.478
-0.476
-0.476
-0.490
-0.473
-0.471
-0.471
-0.473
-0.466
-0.468
-0.468
-0.468
-0.466
-0.468
-0.471
-0.473
-0.463
-0.476
-0.473
-0.468
-0.466
-0.466
-0.463
-0.466
-0.461
-0.461
-0.461
-0.454
-0.459
-0.456
-0.463
-0.451
-0.461
-0.459
-0.459
-0.456
-0.446
-0.451
-0.459
-0.454
-0.451
-0.451
-0.451
-0.449
-0.446
-0.454
-0.444
-0.456
-0.441
-0.449
-0.449
-0.449
-0.446
-0.451
-0.439
-0.439
-0.449
-0.434
-0.441
-0.441
-0.437
-0.441
-0.434
-0.437
-0.441
-0.439
-0.437
-0.437
-0.432
-0.429
-0.432
-0.429
-0.429
-0.429
-0.427
-0.429
-0.432
-0.432
-0.439
-0.432
-0.432
-0.422
-0.427
-0.432
-0.427
-0.424
-0.424
-0.420
-0.422
-0.424
-0.422
-0.427
-0.417
-0.424
-0.410
-0.417
-0.424
-0.412
-0.412
-0.412
-0.415
-0.417
-0.407
-0.405
-0.424
-0.412
-0.415
-0.415
-0.412
-0.410
-0.417
-0.415
-0.410
-0.405
-0.407
-0.407
-0.407
-0.402
-0.402
-0.407
-0.400
-0.410
-0.398
-0.405
-0.405
-0.407
-0.405
-0.398
-0.402
-0.398
-0.395
-0.402
-0.398
-0.400
-0.400
-0.385
-0.402
-0.393
-0.405
-0.380
-0.400
-0.390
-0.395
-0.405
-0.380
-0.400
-0.385
-0.390
-0.376
-0.400
-0.390
-0.378
-0.395
-0.383
-0.398
-0.388
-0.390
-0.378
-0.395
-0.380
-0.385
-0.378
-0.373
-0.383
-0.383
-0.383
-0.388
-0.376
-0.383
-0.373
-0.383
-0.378
-0.378
-0.376
-0.376
-0.385
-0.366
-0.385
-0.366
-0.371
-0.371
-0.376
-0.376
-0.376
-0.376
-0.373
-0.371
-0.363
-0.371
-0.376
-0.368
-0.371
-0.363
-0.359
-0.366
-0.373
-0.368
-0.373
-0.354
-0.368
-0.363
-0.363
-0.366
-0.361
-0.359
-0.363
-0.359
-0.363
-0.361
-0.361
-0.361
-0.354
-0.361
-0.363
-0.354
-0.368
-0.368
-0.356
-0.359
-0.361
-0.346
-0.356
-0.356
-0.349
-0.351
-0.356
-0.349
-0.354
-0.354
-0.351
-0.349
-0.349
-0.354
-0.354
-0.346
-0.356
-0.349
-0.349
-0.346
-0.346
-0.359
-0.349
-0.351
-0.346
-0.344
-0.346
-0.351
-0.341
-0.344
-0.339
-0.354
-0.346
-0.344
-0.346
-0.332
-0.341
-0.346
-0.334
-0.344
-0.337
-0.341
-0.341
-0.339
-0.339
-0.344
-0.339
-0.337
-0.337
-0.332
-0.337
-0.339
-0.334
-0.341
-0.329
-0.344
-0.334
-0.332
-0.339
-0.327
-0.339
-0.324
-0.334
-0.337
-0.332
-0.329
-0.329
-0.332
-0.324
-0.332
-0.329
-0.332
-0.324
-0.324
-0.324
-0.329
-0.329
-0.320
-0.322
-0.327
-0.324
-0.327
-0.324
-0.322
-0.327
-0.324
-0.324
-0.332
-0.324
-0.327
-0.324
-0.320
-0.327
-0.315
-0.320
-0.317
-0.322
-0.315
-0.320
-0.320
-0.324
-0.307
-0.317
-0.322
-0.320
-0.317
-0.317
-0.315
-0.315
-0.312
-0.320
-0.312
-0.310
-0.317
-0.312
-0.315
-0.317
-0.317
-0.315
-0.317
-0.315
-0.322
-0.310
-0.320
-0.317
-0.315
-0.315
-0.312
-0.310
-0.312
-0.310
-0.310
-0.315
-0.302
-0.317
-0.305
-0.310
-0.312
-0.312
-0.310
-0.312
-0.302
-0.310
-0.302
-0.305
-0.310
-0.302
-0.300
-0.305
-0.310
-0.307
-0.305
-0.305
-0.302
-0.310
-0.302
-0.307
-0.298
-0.307
-0.295
-0.302
-0.298
-0.302
-0.305
-0.305
-0.300
-0.295
-0.300
-0.300
-0.302
-0.293
-0.300
-0.285
-0.298
-0.300
-0.295
-0.295
-0.300
-0.293
-0.293
-0.302
-0.293
-0.288
-0.300
-0.285
-0.293
-0.298
-0.288
-0.293
-0.298
-0.293
-0.285
-0.295
-0.293
-0.295
-0.295
-0.288
-0.295
-0.283
-0.290
-0.285
-0.285
-0.288
-0.278
-0.285
-0.285
-0.283
-0.290
-0.288
-0.280
-0.283
-0.285
-0.285
-0.285
-0.280
-0.283
-0.290
-0.283
-0.285
-0.280
-0.278
-0.280
-0.278
-0.285
-0.285
-0.285
-0.283
-0.276
-0.288
-0.278
-0.290
-0.278
-0.283
-0.268
-0.276
-0.280
-0.280
-0.276
-0.273
-0.280
-0.276
-0.285
-0.276
-0.276
-0.278
-0.276
-0.271
-0.276
-0.278
-0.276
-0.271
-0.271
-0.276
-0.273
-0.273
-0.278
-0.280
-0.271
-0.271
-0.268
-0.276
-0.276
-0.278
-0.273
-0.266
-0.268
-0.266
-0.276
-0.268
-0.266
-0.266
-0.273
-0.268
-0.268
-0.268
-0.268
-0.263
-0.266
-0.266
-0.259
-0.276
-0.266
-0.263
-0.263
-0.261
-0.266
-0.271
-0.271
-0.259
-0.266
-0.263
-0.266
-0.263
-0.268
-0.261
-0.263
-0.266
-0.259
-0.261
-0.261
-0.261
-0.268
-0.261
-0.263
-0.261
-0.261
-0.251
-0.259
-0.261
-0.271
-0.246
-0.263
-0.254
-0.259
-0.261
-0.261
-0.251
-0.266
-0.263
-0.254
-0.261
-0.261
-0.251
-0.259
-0.256
-0.254
-0.251
-0.256
-0.254
-0.254
-0.259
-0.259
-0.244
-0.251
-0.254
-0.256
-0.251
-0.254
-0.249
-0.249
-0.246
-0.256
-0.256
-0.256
-0.244
-0.251
-0.249
-0.244
-0.254
-0.251
-0.251
-0.249
-0.244
-0.251
-0.251
-0.244
-0.249
-0.246
-0.249
-0.249
-0.241
-0.251
-0.249
-0.244
-0.249
-0.241
-0.244
-0.244
-0.244
-0.249
-0.249
-0.237
-0.244
-0.237
-0.244
-0.239
-0.239
-0.241
-0.237
-0.249
-0.237
-0.256
-0.229
-0.251
-0.244
-0.224
-0.254
-0.224
-0.241
-0.229
-0.249
-0.227
-0.241
-0.246
-0.234
-0.241
-0.229
-0.251
-0.229
-0.244
-0.224
-0.241
-0.241
-0.224
-0.246
-0.222
-0.249
-0.222
-0.244
-0.227
-0.237
-0.244
-0.229
-0.234
-0.234
-0.229
-0.234
-0.232
-0.237
-0.222
-0.241
-0.232
-0.239
-0.239
-0.227
-0.237
-0.237
-0.224
-0.224
-0.232
-0.237
-0.232
-0.224
-0.227
-0.232
-0.224
-0.227
-0.229
-0.229
-0.220
-0.232
-0.232
-0.222
-0.229
-0.227
-0.222
-0.222
-0.227
-0.224
-0.232
-0.222
-0.234
-0.222
-0.222
-0.227
-0.227
-0.222
-0.227
-0.224
-0.234
-0.224
-0.222
-0.227
-0.217
-0.220
-0.227
-0.224
-0.224
-0.220
-0.222
-0.217
-0.220
-0.227
-0.215
-0.220
-0.224
-0.227
-0.217
-0.224
-0.222
-0.215
-0.220
-0.224
-0.212
-0.224
-0.220
-0.217
-0.222
-0.222
-0.222
-0.217
-0.222
-0.220
-0.224
-0.210
-0.205
-0.217
-0.220
-0.222
-0.212
-0.217
-0.207
-0.220
-0.212
-0.220
-0.212
-0.205
-0.217
-0.217
-0.212
-0.222
-0.202
-0.217
-0.210
-0.212
-0.210
-0.217
-0.207
-0.215
-0.212
-0.217
-0.210
-0.207
-0.217
-0.202
-0.212
-0.212
-0.210
-0.215
-0.210
-0.212
-0.212
-0.202
-0.215
-0.212
-0.215
-0.205
-0.207
-0.207
-0.207
-0.205
-0.212
-0.210
-0.207
-0.210
-0.207
-0.207
-0.212
-0.205
-0.205
-0.212
-0.202
-0.215
-0.210
-0.210
-0.202
-0.205
-0.207
-0.210
-0.205
-0.210
-0.205
-0.202
-0.198
-0.207
-0.200
-0.207
-0.200
-0.215
-0.193
-0.202
-0.202
-0.202
-0.205
-0.200
-0.200
-0.200
-0.202
-0.202
-0.205
-0.207
-0.202
-0.202
-0.207
-0.200
-0.198
-0.198
-0.200
-0.200
-0.200
-0.198
-0.202
-0.200
-0.198
-0.195
-0.200
-0.198
-0.198
-0.198
-0.190
-0.202
-0.195
-0.195
-0.200
-0.193
-0.198
-0.193
-0.195
-0.193
-0.200
-0.198
-0.205
-0.185
-0.205
-0.193
-0.205
-0.195
-0.207
-0.188
-0.193
-0.195
-0.198
-0.193
-0.195
-0.190
-0.198
-0.193
-0.190
-0.193
-0.198
-0.180
-0.198
-0.193
-0.193
-0.188
-0.198
-0.185
-0.193
-0.193
-0.195
-0.183
-0.193
-0.195
-0.190
-0.193
-0.195
-0.193
-0.190
-0.183
-0.190
-0.193
-0.195
-0.180
-0.195
-0.185
-0.193
-0.183
-0.198
-0.185
-0.193
-0.190
-0.183
-0.183
-0.183
-0.185
-0.193
-0.180
-0.190
-0.185
-0.176
-0.193
-0.188
-0.188
-0.188
-0.188
-0.183
-0.180
-0.190
-0.180
-0.188
-0.183
-0.183
-0.178
-0.183
-0.198
-0.183
-0.185
-0.180
-0.178
-0.185
-0.193
-0.171
-0.188
-0.176
-0.183
-0.185
-0.183
-0.173
-0.183
-0.183
-0.183
-0.173
-0.180
-0.180
-0.178
-0.185
-0.176
-0.183
-0.185
-0.183
-0.188
-0.178
-0.183
-0.176
-0.178
-0.176
-0.178
-0.178
-0.188
-0.176
-0.180
-0.176
-0.180
-0.171
-0.183
-0.180
-0.176
-0.176
-0.180
-0.171
-0.185
-0.171
-0.168
-0.185
-0.166
-0.178
-0.176
-0.166
-0.180
-0.178
-0.171
-0.168
-0.168
-0.178
-0.171
-0.176
-0.185
-0.166
-0.173
-0.178
-0.176
-0.176
-0.171
-0.171
-0.171
-0.166
-0.171
-0.180
-0.163
-0.178
-0.178
-0.173
-0.176
-0.166
-0.180
-0.173
-0.154
-0.176
-0.171
-0.161
-0.173
-0.171
-0.180
-0.156
-0.180
-0.163
-0.178
-0.180
-0.156
-0.176
-0.166
-0.163
-0.168
-0.156
-0.180
-0.166
-0.166
-0.161
-0.166
-0.171
-0.171
-0.176
-0.163
-0.161
-0.166
-0.178
-0.149
-0.171
-0.166
-0.161
-0.159
-0.183
-0.146
-0.176
-0.161
-0.159
-0.156
-0.185
-0.163
-0.154
-0.171
-0.161
-0.178
-0.159
-0.166
-0.156
-0.161
-0.178
-0.156
-0.176
-0.151
-0.171
-0.144
-0.173
-0.171
-0.154
-0.166
-0.146
-0.178
-0.149
-0.159
-0.154
-0.163
-0.166
-0.144
-0.171
-0.156
-0.166
-0.166
-0.156
-0.146
-0.166
-0.163
-0.156
-0.163
-0.137
-0.159
-0.176
-0.154
-0.149
-0.161
-0.176
-0.137
-0.176
-0.161
-0.139
-0.166
-0.161
-0.168
-0.137
-0.161
-0.141
-0.176
-0.149
-0.141
-0.180
-0.124
-0.154
-0.166
-0.156
-0.149
-0.159
-0.161
-0.149
-0.141
-0.163
-0.139
-0.168
-0.156
-0.161
-0.163
-0.141
-0.161
-0.129
-0.166
-0.137
-0.168
-0.159
-0.129
-0.171
-0.154
-0.139
-0.129
-0.159
-0.137
-0.166
-0.137
-0.146
-0.154
-0.151
-0.146
-0.163
-0.139
-0.141
-0.156
-0.144
-0.159
-0.163
-0.144
-0.124
-0.161
-0.146
-0.146
-0.137
-0.161
-0.120
-0.151
-0.134
-0.180
-0.137
-0.151
-0.141
-0.163
-0.137
-0.154
-0.134
-0.141
-0.141
-0.159
-0.144
-0.112
-0.149
-0.139
-0.137
-0.151
-0.149
-0.154
-0.129
-0.144
-0.149
-0.144
-0.129
-0.156
-0.141
-0.146
-0.137
-0.137
-0.151
-0.137
-0.139
-0.149
-0.146
-0.137
-0.141
-0.137
-0.151
-0.124
-0.144
-0.141
-0.137
-0.134
-0.146
-0.129
-0.149
-0.120
-0.144
-0.141
-0.124
-0.129
-0.137
-0.127
-0.139
-0.127
-0.129
-0.146
-0.117
-0.134
-0.132
-0.124
-0.149
-0.120
-0.137
-0.139
-0.141
-0.134
-0.141
-0.120
-0.149
-0.144
-0.149
-0.151
-0.151
-0.137
-0.159
-0.141
-0.159
-0.134
-0.154
-0.151
-0.149
-0.129
-0.156
-0.137
-0.149
-0.127
-0.141
-0.146
-0.144
-0.134
-0.154
-0.141
-0.156
-0.134
-0.168
-0.154
-0.161
-0.154
-0.166
-0.171
-0.178
-0.144
2.110
2.090
2.110
2.115
2.102
2.115
2.115
2.124
2.112
2.124
2.107
2.112
2.112
2.107
2.115
2.112
2.120
2.117
2.117
Closing
